No.,Event Name,Date(s),Time(s),Venue Name,Venue Address/Area,Category,Notes
1,The Nacirema Society Requests the Honor of Your Presence at a Celebration of Their First One Hundred Years,May 23 - May 25 2025,Varies,Guthrie Theater,818 South Second Street Minneapolis MN,Theater,Wurtele Thrust Stage
2,The Mousetrap,May 23 - May 24 2025,Varies,Guthrie Theater,818 South Second Street Minneapolis MN,Theater,McGuire Proscenium Stage (concluding run)
3,Cabaret,June 21 - July 2025 (various dates),Varies,Guthrie Theater,818 South Second Street Minneapolis MN,Theater (Musical),Wurtele Thrust Stage
4,A Doll's House,Sep 13 - Oct 12 2025,Varies,Guthrie Theater,818 South Second Street Minneapolis MN,Theater,Wurtele Thrust Stage
5,The Ruins: a play through music,Sep 19 - Oct 12 2025,Varies,Guthrie Theater,818 South Second Street Minneapolis MN,Theater (Play with Music),Dowling Studio
6,Primary Trust,Oct 11 - Nov 16 2025,Varies,Guthrie Theater,818 South Second Street Minneapolis MN,Theater,McGuire Proscenium Stage
7,A Christmas Carol,Nov 8 - Dec 28 2025,Varies,Guthrie Theater,818 South Second Street Minneapolis MN,Theater (Holiday Special),Wurtele Thrust Stage
8,Somewhere,Dec 13 2025 - Feb 1 2026,Varies,Guthrie Theater,818 South Second Street Minneapolis MN,Theater (Play with Dance),McGuire Proscenium Stage (relevant period: Dec 13-31 2025)
9,& Juliet (Touring),May 23 - May 25 2025,Varies,Orpheum Theatre,910 Hennepin Ave Minneapolis MN,Theater (Musical - Broadway),(Concluding run)
10,An Evening with Vince Gill,May 23 2025,7:30 PM,Orpheum Theatre,910 Hennepin Ave Minneapolis MN,Music (Country),(Rescheduled from May 22)
11,2 Chainz Live in Concert,May 24 2025,8:00 PM,Orpheum Theatre,910 Hennepin Ave Minneapolis MN,Music (Hip Hop)
12,Palomazo Norteño - La Borrachera Perfecta Tour,June 13 2025,8:30 PM,Orpheum Theatre,910 Hennepin Ave Minneapolis MN,Music (Latin - Norteño)
13,The Rose: Once Upon A WRLD,July 6 2025,8:00 PM,Orpheum Theatre,910 Hennepin Ave Minneapolis MN,Music (K-Pop/Rock)
14,Kimberly Akimbo (Broadway on Hennepin),July 8 - July 13 2025,Varies,Orpheum Theatre,910 Hennepin Ave Minneapolis MN,Theater (Musical - Broadway)
15,The Swell Season: 2025 North American Tour,July 16 2025,7:30 PM,Orpheum Theatre,910 Hennepin Ave Minneapolis MN,Music (Folk Rock)
16,Lovers & Legends ft. Donell Jones Keke Wyatt & Carl Thomas,July 18 2025,8:00 PM,Orpheum Theatre,910 Hennepin Ave Minneapolis MN,Music (R&B)
17,TREY KENNEDY - The Relatable Tour,July 31 2025,7:00 PM,Orpheum Theatre,910 Hennepin Ave Minneapolis MN,Comedy
18,Disney's Beauty and the Beast The Musical (Broadway on Hennepin),Aug 5 - Aug 17 2025,Varies,Orpheum Theatre,910 Hennepin Ave Minneapolis MN,Theater (Musical - Broadway)
19,Ray LaMontagne - Trouble 20th Anniversary Tour,Aug 31 2025,7:00 PM,Orpheum Theatre,910 Hennepin Ave Minneapolis MN,Music (Folk Rock/Soul)
20,Michelle Buteau: The Surviving And Thriving Tour,Sep 13 2025,7:30 PM,Orpheum Theatre,910 Hennepin Ave Minneapolis MN,Comedy
21,Steven Wilson: The Overview Tour,Sep 16 2025,8:00 PM,Orpheum Theatre,910 Hennepin Ave Minneapolis MN,Music (Rock - Progressive)
22,Wardruna: World Tour 2025 - Part II,Sep 19 2025,7:30 PM,Orpheum Theatre,910 Hennepin Ave Minneapolis MN,Music (World/Folk)
23,Louis CK | Ridiculous,Sep 20 2025,7:30 PM,Orpheum Theatre,910 Hennepin Ave Minneapolis MN,Comedy
24,Louis CK | Ridiculous,Sep 21 2025,7:30 PM,Orpheum Theatre,910 Hennepin Ave Minneapolis MN,Comedy
25,Dream Theater: Parasomnia Tour,Sep 25 2025,8:00 PM,Orpheum Theatre,910 Hennepin Ave Minneapolis MN,Music (Metal - Progressive)
26,A Beautiful Noise - The Neil Diamond Musical (Broadway on Hennepin),Sep 30 - Oct 5 2025,Varies,Orpheum Theatre,910 Hennepin Ave Minneapolis MN,Theater (Musical - Broadway)
27,Mary Chapin Carpenter / Brandy Clark,Oct 11 2025,7:30 PM,Orpheum Theatre,910 Hennepin Ave Minneapolis MN,Music (Country/Folk)
28,AVATAR: The Last Airbender in Concert - 20th Anniversary Tour,Oct 15 2025,7:30 PM,Orpheum Theatre,910 Hennepin Ave Minneapolis MN,Music (Concert - Film Score)
29,SARAH MILLICAN: LATE BLOOMER,Oct 16 2025,8:00 PM,Orpheum Theatre,910 Hennepin Ave Minneapolis MN,Comedy
30,Nurse Blake: But Did You Die? Comedy Tour,Oct 17 2025,8:00 PM,Orpheum Theatre,910 Hennepin Ave Minneapolis MN,Comedy
31,World Ballet Company: The Great Gatsby,Oct 18 2025,Varies,Orpheum Theatre,910 Hennepin Ave Minneapolis MN,Dance (Ballet)
32,SARAH MILLICAN: LATE BLOOMER,Oct 21 2025,8:00 PM,Orpheum Theatre,910 Hennepin Ave Minneapolis MN,Comedy
33,Herbie Hancock: 2025 North American Tour,Oct 22 2025,7:00 PM,Orpheum Theatre,910 Hennepin Ave Minneapolis MN,Music (Jazz)
34,Stardew Valley: Symphony Of Seasons,Oct 25 2025,Varies,Orpheum Theatre,910 Hennepin Ave Minneapolis MN,Music (Concert - Video Game Score)
35,Ninja Kidz Live: Infinite Possibilities,Nov 6 2025,7:00 PM,Orpheum Theatre,910 Hennepin Ave Minneapolis MN,Family/Entertainment
36,Twilight In Concert,Nov 9 2025,Varies,Orpheum Theatre,910 Hennepin Ave Minneapolis MN,Music (Concert - Film Score/Screening)
37,The Music of The Lord of the Rings The Hobbit & The Rings of Power,Nov 14 2025,4:00 PM,Orpheum Theatre,910 Hennepin Ave Minneapolis MN,Music (Concert - Film Score)
38,THE MUSIC OF HANS ZIMMER & OTHERS – A CELEBRATION OF FILM MUSIC,Nov 14 2025,8:00 PM,Orpheum Theatre,910 Hennepin Ave Minneapolis MN,Music (Concert - Film Score),(Rescheduled from May 21)
39,Distant Worlds: The Music From Final Fantasy,Nov 15 2025,Varies,Orpheum Theatre,910 Hennepin Ave Minneapolis MN,Music (Concert - Video Game Score)
40,The Phantom Of The Opera (Broadway on Hennepin),Nov 21 - Dec 7 2025,Varies,Orpheum Theatre,910 Hennepin Ave Minneapolis MN,Theater (Musical - Broadway)
41,The Wiz (Broadway on Hennepin),Dec 16 - Dec 21 2025,Varies,Orpheum Theatre,910 Hennepin Ave Minneapolis MN,Theater (Musical - Broadway)
42,Valerie June with Chastity Brown: Owls Omens And Oracles Tour,May 31 2025,8:00 PM,State Theatre,805 Hennepin Ave Minneapolis MN,Music (Folk/Blues/Soul)
43,Spotlight Showcase presented by PNC,June 9 - June 10 2025,Varies,State Theatre,805 Hennepin Ave Minneapolis MN,Family/Entertainment
44,Danny Go!,June 14 - June 15 2025,Varies,State Theatre,805 Hennepin Ave Minneapolis MN,Family/Children's Entertainment
45,Bethel Music: Worship and Ministry Nights,June 17 2025,7:00 PM,State Theatre,805 Hennepin Ave Minneapolis MN,Music (Rock/Worship)
46,Daniel Tosh Live,June 19 - June 20 2025,7:30 PM,State Theatre,805 Hennepin Ave Minneapolis MN,Comedy
47,Hidden Brain: "Perceptions" Tour with Shankar Vedantam,July 11 2025,Varies,State Theatre,805 Hennepin Ave Minneapolis MN,Podcast (Live)
48,The Basement Yard Experience,July 24 2025,Varies,State Theatre,805 Hennepin Ave Minneapolis MN,Podcast (Live Comedy)
49,LOL Podcast,Aug 10 2025,Varies,State Theatre,805 Hennepin Ave Minneapolis MN,Podcast (Live)
50,Purple Rain (Broadway on Hennepin - World Premiere),Oct 16 - Nov 16 2025,Varies,State Theatre,805 Hennepin Ave Minneapolis MN,Theater (Musical - Broadway World Premiere)
51,Chris Fleming,June 1 2025,5:30 PM & 8:00 PM,Pantages Theatre,710 Hennepin Ave Minneapolis MN,Comedy
52,Christone "KINGFISH" Ingram & Samantha Fish - Gone Fishin' Tour,July 9 2025,7:00 PM,Pantages Theatre,710 Hennepin Ave Minneapolis MN,Music (Blues)
53,Todd Rundgren: STILL ME (STILL WE),July 16 2025,7:30 PM,Pantages Theatre,710 Hennepin Ave Minneapolis MN,Music (Rock)
54,Chris Distefano,July 24 2025,7:00 PM,Pantages Theatre,710 Hennepin Ave Minneapolis MN,Comedy
55,An Evening with The Wailin' Jennys,July 26 2025,7:00 PM,Pantages Theatre,710 Hennepin Ave Minneapolis MN,Music (Folk)
56,A Special Evening with Kenny Wayne Shepherd and Bobby Rush,Aug 17 2025,7:00 PM,Pantages Theatre,710 Hennepin Ave Minneapolis MN,Music (Blues)
57,Ashley Gavin: Hype Man,Aug 22 2025,7:00 PM,Pantages Theatre,710 Hennepin Ave Minneapolis MN,Comedy,(also listed Aug 28)
58,SAW The Musical: The Unauthorized Parody (New York National Tour),Aug 23 2025,7:00 PM,Pantages Theatre,710 Hennepin Ave Minneapolis MN,Theater (Musical Parody)
59,Danae Hays: The First Time Tour,Sep 13 2025,8:00 PM,Pantages Theatre,710 Hennepin Ave Minneapolis MN,Comedy
60,Heather McMahan: The Bamboozled Tour,Sep 20 2025,8:00 PM,Pantages Theatre,710 Hennepin Ave Minneapolis MN,Comedy
61,Here Come the Mummies: The Mummfest Tour,Sep 21 2025,7:00 PM,Pantages Theatre,710 Hennepin Ave Minneapolis MN,Music (Rock/Funk)
62,Normal Gossip,Sep 27 2025,Varies,Pantages Theatre,710 Hennepin Ave Minneapolis MN,Podcast (Live)
63,A.J. Croce Presents CROCE PLAYS CROCE,Oct 3 2025,7:30 PM,Pantages Theatre,710 Hennepin Ave Minneapolis MN,Music (Rock/Folk)
64,Jesse & Joy - El Despecho Tour,Oct 4 2025,8:00 PM,Pantages Theatre,710 Hennepin Ave Minneapolis MN,Music (Latin Pop/Ballads)
65,TALISK and GARDINER BROTHERS: Unleashed,Oct 9 2025,8:00 PM,Pantages Theatre,710 Hennepin Ave Minneapolis MN,Music (Folk)/Dance,(Rescheduled)
66,Jimmy Carr: Laughs Funny (16+ Event),Oct 10 2025,7:00 PM & 9:30 PM,Pantages Theatre,710 Hennepin Ave Minneapolis MN,Comedy
67,Mojo Brookzz: I know You F*ckin Lying Tour,Oct 11 2025,8:00 PM,Pantages Theatre,710 Hennepin Ave Minneapolis MN,Comedy
68,MANIA: The ABBA Tribute,Oct 17 2025,7:30 PM,Pantages Theatre,710 Hennepin Ave Minneapolis MN,Music (Tribute)
69,The Life and Music of George Michael,Oct 26 2025,7:00 PM,Pantages Theatre,710 Hennepin Ave Minneapolis MN,Music (Tribute)
70,Tab Benoit,Oct 29 2025,7:30 PM,Pantages Theatre,710 Hennepin Ave Minneapolis MN,Music (Blues)
71,An Evening With Colin Hay,Oct 30 2025,7:30 PM,Pantages Theatre,710 Hennepin Ave Minneapolis MN,Music (Rock/Pop)
72,Alicia Villarreal: Donde Todo Comenzo 2.0,Nov 1 2025,8:00 PM,Pantages Theatre,710 Hennepin Ave Minneapolis MN,Music (Latin/Ranchera)
73,The Fab Four: Tribute to the Beatles' "Help!" and the Hits,Nov 2 2025,6:00 PM,Pantages Theatre,710 Hennepin Ave Minneapolis MN,Music (Tribute)
74,Straight No Chaser: Holiday Road Tour,Nov 6 2025,7:30 PM,Pantages Theatre,710 Hennepin Ave Minneapolis MN,Music (A Cappella/Holiday)
75,Dan Soder: The Golden Retriever of Comedy Tour,Nov 14 2025,7:00 PM,Pantages Theatre,710 Hennepin Ave Minneapolis MN,Comedy
76,Felipe Esparza - At My Leisure World Tour,Nov 22 2025,7:00 PM,Pantages Theatre,710 Hennepin Ave Minneapolis MN,Comedy
77,Dog Man - The Musical,Dec 6 - Dec 7 2025,"Dec 6: 11AM 3PM 7PM; Dec 7: 12PM 4PM",Pantages Theatre,710 Hennepin Ave Minneapolis MN,Theater (Musical - Children's/Family)
78,Disney's Frozen the Hit Broadway Musical,May 23 - June 22 2025,Varies,Children’s Theatre Company,2400 Third Avenue S Minneapolis MN,Theater (Musical - Family),UnitedHealth Group Stage (Continuing run)
79,Treasure Island,Sep 9 2025 - TBD,Varies,Children’s Theatre Company,2400 Third Avenue S Minneapolis MN,Theater (Adventure/Family),UnitedHealth Group Stage
80,Roald Dahl's The Enormous Crocodile The Musical,Oct 1 - Nov 23 2025,Varies,Children’s Theatre Company,2400 Third Avenue S Minneapolis MN,Theater (Musical - Family/Puppetry),Cargill Stage (US Premiere)
81,Dr. Seuss's How the Grinch Stole Christmas!,Nov 2025 - Dec 2025 (Specific dates TBD),Varies,Children’s Theatre Company,2400 Third Avenue S Minneapolis MN,Theater (Holiday Musical - Family),UnitedHealth Group Stage (Returning Favorite)
82,PASSION,June 2025 (Specific dates TBD),Varies,Theater Latté Da,Ritz Theater 345 13th Ave NE Minneapolis MN,Theater (Musical)
83,NEXT Festival 2025,July - Aug 2025,Varies,Theater Latté Da,Ritz Theater 345 13th Ave NE Minneapolis MN,Theater (Musical Festival/Workshop)
84,NEXT Fest: Title TBD (Salmond Oyetimein Stafford),July 25 & July 28 2025,Varies,Theater Latté Da,Ritz Theater 345 13th Ave NE Minneapolis MN,Theater (Musical Workshop)
85,NEXT Fest: How to Play the Cello (Until You Don't),Aug 1 & Aug 4 2025,Varies,Theater Latté Da,Ritz Theater 345 13th Ave NE Minneapolis MN,Theater (Musical Workshop)
86,NEXT Fest: Okuni,Aug 8 & Aug 11 2025,Varies,Theater Latté Da,Ritz Theater 345 13th Ave NE Minneapolis MN,Theater (Musical Workshop)
87,JOURNEY ON: A 100TH SHOW CABARET CELEBRATION,Oct 8 - Oct 19 2025,Varies,Theater Latté Da,Ritz Theater 345 13th Ave NE Minneapolis MN,Music (Cabaret/Concert)
88,MY FAIR LADY,Nov 12 - Dec 29 2025,Varies,Theater Latté Da,Ritz Theater 345 13th Ave NE Minneapolis MN,Theater (Musical)
89,SIXPACK (formerly FAST FWD MOTIONS),May 31 - June 29 2025,Varies (Previews May 28-30),Jungle Theater,2951 Lyndale Ave S Minneapolis MN,Theater (World Premiere Play)
90,Greenhouse Play Reading Series: WORK HARD HAVE FUN MAKE HISTORY,July 25 & July 26 2025,7:30 PM,Jungle Theater,2951 Lyndale Ave S Minneapolis MN,Theater (Play Reading)
91,Greenhouse Play Reading Series: LEFTOVERS,Sep 16 & Sep 17 2025,Varies,Jungle Theater,2951 Lyndale Ave S Minneapolis MN,Theater (Play Reading)
92,Greenhouse Play Reading Series: VEAL,Oct 21 & Oct 22 2025,Varies,Jungle Theater,2951 Lyndale Ave S Minneapolis MN,Theater (Play Reading)
93,Sanctuary City,May 23 - June 1 2025,Varies,Theatre in the Round Players (TRP),245 Cedar Ave Minneapolis MN,Theater (Drama),(Continuing run)
94,Endometriosis: The Musical,June 20 - July 13 2025,Varies,Theatre in the Round Players (TRP),245 Cedar Ave Minneapolis MN,Theater (Musical Comedy)
95,Hope 612 (Presented by Be That Neighbor Theatre),July 18 - July 20 2025,Varies,Theatre in the Round Players (TRP),245 Cedar Ave Minneapolis MN,Theater (Special Event)
96,MN Fringe Festival,July 31 - Aug 10 2025,Varies,Theatre in the Round Players (TRP),245 Cedar Ave Minneapolis MN,Festival (Performing Arts),(TRP is a venue)
97,Henry V (Presented by Jackdonkey Productions),Aug 14 - Aug 18 2025,Varies,Theatre in the Round Players (TRP),245 Cedar Ave Minneapolis MN,Theater (Classical/Special Event)
98,Pride and Prejudice,Sep 12 - Oct 5 2025,Varies,Theatre in the Round Players (TRP),245 Cedar Ave Minneapolis MN,Theater (Romantic Comedy)
99,Agatha Christie's The Murder on the Links,Nov 21 - Dec 21 2025,Varies,Theatre in the Round Players (TRP),245 Cedar Ave Minneapolis MN,Theater (Mystery)
100,at low tide (The Moving Company),May 23 - June 8 2025,Varies (Wed-Sat 7:30PM Sun 2PM),The Southern Theater,1420 Washington Ave S Minneapolis MN,Theater/Performance,(Continuing run)
101,ORLANDO: A Rhapsody (Vinora Epp),May 25 - June 8 2025,Varies (Often 7:30PM),The Southern Theater,1420 Washington Ave S Minneapolis MN,Theater/Performance
102,DANCING ANIMALS (Nervous Theatre),June 20 - June 28 2025,Varies,The Southern Theater,1420 Washington Ave S Minneapolis MN,Dance/Theater
103,Converge (Amez Dance | Analog Dance Works | RJDT),July 18 - July 20 2025,Varies,The Southern Theater,1420 Washington Ave S Minneapolis MN,Dance
104,Jarod & Julia: One Night Only!,July 22 2025,Varies,The Southern Theater,1420 Washington Ave S Minneapolis MN,Performance (Music/Comedy)
105,Candlelight: Featuring Vivaldi's Four Seasons and More,July 25 2025,6:30 PM,The Southern Theater,1420 Washington Ave S Minneapolis MN,Music (Classical/Concert)
106,Candlelight: Coldplay vs. Imagine Dragons,July 25 2025,8:45 PM,The Southern Theater,1420 Washington Ave S Minneapolis MN,Music (Tribute/Concert)
107,Minnesota Fringe Festival,July 31 - Aug 10 2025,Varies,The Southern Theater,1420 Washington Ave S Minneapolis MN,Festival (Performing Arts),(Southern is a venue)
108,Rhythmically Speaking Presents Groovers & Makers 2025,Aug 14 - Aug 16 2025,Varies,The Southern Theater,1420 Washington Ave S Minneapolis MN,Dance
109,The Chrysalis--A World Premiere,May/June 2025 (Performance on June 1),Varies,Mixed Blood Theatre,1501 S 4th St Minneapolis MN,Theater (World Premiere)
110,Minnesota Fringe Festival,July 31 - Aug 10 2025,Varies,Mixed Blood Theatre,1501 S 4th St Minneapolis MN,Festival (Performing Arts),(Mixed Blood is a venue)
111,Maybe You Could Love Me (Presented by Theater Mu),Sep 11 - Sep 28 2025,Varies,Mixed Blood Theatre,1501 S 4th St Minneapolis MN,Theater (World Premiere Play)
112,Berlin to Rügen (Michael Rogers),May 23 - May 24 2025,7:30 PM (Sat also 1PM),Phoenix Theater,2605 Hennepin Ave Minneapolis MN,Theater (Dramedy/One-Man Show),(Continuing run)
113,Transcendence (Trans-Cabaret),May 30 2025,8:00 PM,Phoenix Theater,2605 Hennepin Ave Minneapolis MN,Performance (Cabaret)
114,Raise the Bar! (Phoenix/Arts Nest Fundraiser),May 31 2025,1:00 PM,Phoenix Theater,2605 Hennepin Ave Minneapolis MN,Fundraiser/Community Event
115,A Time (Dance Showcase),May 31 2025,6:30 PM,Phoenix Theater,2605 Hennepin Ave Minneapolis MN,Dance (Showcase)
116,Vafy / YONjayR Concert,May 31 2025,5:30 PM,Phoenix Theater,2605 Hennepin Ave Minneapolis MN,Music (Concert)
117,Improvocation (Monthly Improv Showcase),June 1 2025 (and recurring),7:00 PM,Phoenix Theater,2605 Hennepin Ave Minneapolis MN,Improv/Comedy
118,Twin Cities Improv Festival,June 5 - June 8 2025,Various,Phoenix Theater,2605 Hennepin Ave Minneapolis MN,Festival (Improv/Comedy)
119,A Monarch's Journey – A Theatrical Music Event (Bach Society of MN),July 24 & July 26 2025,"July 24: 7PM; July 26: 2PM & 7PM",Phoenix Theater,2605 Hennepin Ave Minneapolis MN,Theater (Musical/Immersive)
120,I'll Be Home for Kahless: The Hallmark Parody of the Season!,Nov 28 - Dec 14 2025,Varies,Phoenix Theater,2605 Hennepin Ave Minneapolis MN,Theater (Comedy/Parody/Holiday)
121,Familia (Touching Two Worlds),May 23 - May 25 2025,Varies,Luminary Arts Center (formerly The Lab Theater),700 N 1st St Minneapolis MN,Theater/Performance
122,Covers: Pure Funk (Cantus),May 31 - June 8 2025,Varies,Luminary Arts Center,700 N 1st St Minneapolis MN,Music (Vocal/Funk)
123,Zenon Dance Zone Spring Showcase,June 13 - June 14 2025,Varies,Luminary Arts Center,700 N 1st St Minneapolis MN,Dance (Showcase)
124,MIXTAPE 7: Return To Battle (MIXTAPE Dance),June 21 - June 22 2025,Varies,Luminary Arts Center,700 N 1st St Minneapolis MN,Dance
125,Candlelight: Rings & Dragons,June 27 2025,6:30 PM,Luminary Arts Center,700 N 1st St Minneapolis MN,Music (Concert - Film/TV Score)
126,Candlelight: Neo-Soul Favorites,June 27 2025,8:45 PM,Luminary Arts Center,700 N 1st St Minneapolis MN,Music (Concert - Neo-Soul)
127,Candlelight: Coldplay & Imagine Dragons,June 28 2025,6:30 PM,Luminary Arts Center,700 N 1st St Minneapolis MN,Music (Concert - Pop/Rock)
128,The Purpose Pursuit (Amanda Brinkman),Sep 10 2025,Varies,Luminary Arts Center,700 N 1st St Minneapolis MN,Talk/Performance
129,Dracula: The Dance Musical (Collide Theatrical Dance Company),Oct 23 - Nov 9 2025,Varies,Luminary Arts Center,700 N 1st St Minneapolis MN,Dance (Dance Theater/Musical)
130,Così fan tutte (Minnesota Opera),Nov 1 - Nov 9 2025,Varies,Luminary Arts Center / Ordway Music Theater,St. Paul (Confirm Venue),Opera,(Venue needs confirmation)
131,Holiday Spectacular (Collide Theatrical Dance Company),Dec 4 - Dec 7 2025,Varies,Luminary Arts Center,700 N 1st St Minneapolis MN,Dance (Cabaret/Holiday)
132,A Troubled Man (Just Being Me Productions),Dec 7 - Dec 10 2025,Varies,Luminary Arts Center,700 N 1st St Minneapolis MN,Theater/Performance
133,Cinema Club: Assembly,June 14 2025,11:00 AM,The Main Cinema,115 SE Main Street Minneapolis MN,Film Screening/Discussion
134,Lumières Françaises (French Film Festival),July 2025 (Likely dates),Varies,The Main Cinema,115 SE Main Street Minneapolis MN,Film Festival
135,Images of Africa Film Series,May - Dec 2025 (Ongoing),Varies,The Main Cinema,115 SE Main Street Minneapolis MN,Film Series
136,Cine Latino Film Festival,Oct 2025 (Likely dates),Varies,The Main Cinema,115 SE Main Street Minneapolis MN,Film Festival
137,Sound Unseen Film Festival,Nov 2025 (Likely dates),Varies,The Main Cinema,115 SE Main Street Minneapolis MN,Film Festival
138,Twin Cities Arab Film Festival (TCAFF),Fall 2025 (Dates TBD),Varies,The Main Cinema,115 SE Main Street Minneapolis MN,Film Festival
139,National Theatre Live Screenings,May - Dec 2025 (Ongoing),Varies,The Main Cinema,115 SE Main Street Minneapolis MN,Film Screening (Theater Broadcast)
140,Midnight Mayhem Film Series,May - Dec 2025 (Ongoing),Varies,The Main Cinema,115 SE Main Street Minneapolis MN,Film Series
141,Matt Berninger with Ronboy (18+),May 23 2025,8:00 PM,First Avenue,701 First Avenue North Minneapolis MN,Music (Alternative/Indie)
142,Yola (Sovereign Soul Tour),May 24 2025,8:00 PM,First Avenue,701 First Avenue North Minneapolis MN,Music (Soul/Americana)
143,Wiz Khalifa (18+),May 25 2025,8:00 PM,First Avenue,701 First Avenue North Minneapolis MN,Music (Hip Hop)
144,Solid Pink Disco with DJ Trixie (Trixie Mattel Daya DJ Mateo Segade) (18+),May 30 2025,7:00 PM / 8:00 PM,First Avenue,701 First Avenue North Minneapolis MN,Music (DJ/Dance/Pop - Queer Friendly)
145,Malcolm Todd,May 31 2025,7:30 PM,First Avenue,701 First Avenue North Minneapolis MN,Music (Indie Pop/R&B)
146,Prince Celebration Kick-Off DJ Dance Party,June 5 2025,8:00 PM,First Avenue,701 First Avenue North Minneapolis MN,Music (DJ/Dance Party - Tribute)
147,Samia with Raffaella,June 6 2025,6:45 PM / 7:30 PM,First Avenue,701 First Avenue North Minneapolis MN,Music (Indie Pop/Rock)
148,Panchiko,June 7 2025,7:30 PM,First Avenue,701 First Avenue North Minneapolis MN,Music (Indie Rock/Electronic)
149,Ashe,June 11 2025,7:30 PM,First Avenue,701 First Avenue North Minneapolis MN,Music (Pop/Alternative)
150,Club XCX,June 13 2025,9:00 PM,First Avenue,701 First Avenue North Minneapolis MN,Music (DJ/Dance Party - Pop/Electronic)
151,Hot in Herre Dance Party (18+),June 14 2025,9:00 PM,First Avenue,701 First Avenue North Minneapolis MN,Music (DJ/Dance Party - Hip Hop/R&B)
152,Jet with Band of Skulls (18+),June 15 2025,8:00 PM,First Avenue,701 First Avenue North Minneapolis MN,Music (Rock)
153,Will Wood (18+),June 16 2025,8:00 PM,First Avenue,701 First Avenue North Minneapolis MN,Music (Alternative/Indie Rock)
154,Perfume Genius,June 18 2025,8:00 PM,First Avenue,701 First Avenue North Minneapolis MN,Music (Indie Pop/Art Pop)
155,Artemas (18+),June 20 2025,8:00 PM,First Avenue,701 First Avenue North Minneapolis MN,Music (Alternative/Indie)
156,Wrestlepalooza,June 22 2025,7:00 PM,First Avenue,701 First Avenue North Minneapolis MN,Sports Entertainment (Wrestling/Variety)
157,OMD - Orchestral Manoeuvres In The Dark,June 26 2025,8:30 PM,First Avenue,701 First Avenue North Minneapolis MN,Music (Synth-pop/New Wave)
158,Flip Phone XXL,June 28 2025,9:00 PM,First Avenue,701 First Avenue North Minneapolis MN,Music (DJ/Dance Party - Queer Friendly)
159,The Music of Prince (Tribute),July 10 2025,8:00 PM,First Avenue,701 First Avenue North Minneapolis MN,Music (Tribute/Funk/Pop)
160,3BallMTY,July 17 2025,9:00 PM,First Avenue,701 First Avenue North Minneapolis MN,Music (Latin Electronic)
161,Murder By Death,July 19 2025,7:00 PM,First Avenue,701 First Avenue North Minneapolis MN,Music (Indie Rock/Alt-Country)
162,Sam Barber,July 20 2025,8:00 PM,First Avenue,701 First Avenue North Minneapolis MN,Music (Country/Folk)
163,Big Star Quintet,July 23 2025,7:15 PM,First Avenue,701 First Avenue North Minneapolis MN,Music (Power Pop/Rock)
164,Night Moves,July 26 2025,7:30 PM,First Avenue,701 First Avenue North Minneapolis MN,Music (Indie Rock/Psychedelic Pop)
165,Glass Beams,July 28 2025,8:00 PM,First Avenue,701 First Avenue North Minneapolis MN,Music (Psychedelic/Instrumental)
166,Fitz and The Tantrums,Aug 2 2025,8:00 PM,First Avenue,701 First Avenue North Minneapolis MN,Music (Indie Pop/Neo Soul)
167,Lettuce,Aug 20 2025,8:00 PM,First Avenue,701 First Avenue North Minneapolis MN,Music (Funk)
168,Wet Leg,Sep 9 2025,8:00 PM,First Avenue,701 First Avenue North Minneapolis MN,Music (Indie Rock/Post-Punk)
169,Durry,Sep 12 2025,8:00 PM,First Avenue,701 First Avenue North Minneapolis MN,Music (Indie Rock)
170,Spacey Jane,Sep 19 2025,8:00 PM,First Avenue,701 First Avenue North Minneapolis MN,Music (Indie Rock/Alternative)
171,James,Sep 21 2025,8:00 PM,First Avenue,701 First Avenue North Minneapolis MN,Music (Alternative Rock)
172,Big Wild,Sep 23 2025,Varies,First Avenue,701 First Avenue North Minneapolis MN,Music (Electronic/Indie Pop)
173,Erin Kinsey with Kaleb Sanders,May 23 2025,8:00 PM,7th St Entry,701 First Avenue North Minneapolis MN,Music (Country/Pop)
174,Stone Ark with Mayfly Moon Scorched Waves Self Titled,May 24 2025,Varies,7th St Entry,701 First Avenue North Minneapolis MN,Music (Rock - Local)
175,Dreamer Isioma with ivri,May 27 2025,7:30 PM,7th St Entry,701 First Avenue North Minneapolis MN,Music (Alternative/Indie R&B)
176,Sara Kays with Landon Conrath,May 28 2025,Varies,7th St Entry,701 First Avenue North Minneapolis MN,Music (Indie Pop/Singer-Songwriter)
177,Joshua Ray Walker (18+),May 29 2025,8:00 PM,7th St Entry,701 First Avenue North Minneapolis MN,Music (Country/Americana)
178,The Afters / Bloodline,May 30 2025,8:00 PM,7th St Entry,701 First Avenue North Minneapolis MN,Music (Christian Rock/Pop or other)
179,Jackie Venson (18+),May 31 2025,8:30 PM,7th St Entry,701 First Avenue North Minneapolis MN,Music (Blues/Rock/Soul)
180,Preoccupations (18+),June 1 2025,8:00 PM,7th St Entry,701 First Avenue North Minneapolis MN,Music (Post-Punk)
181,Kitty Craft,June 2 2025,8:00 PM,7th St Entry,701 First Avenue North Minneapolis MN,Music (Indie Pop)
182,Bailey Spinn,June 3 2025,Varies,7th St Entry,701 First Avenue North Minneapolis MN,Music (Pop)
183,West 22nd,June 4 2025,Varies,7th St Entry,701 First Avenue North Minneapolis MN,Music
184,Ally Venable (Band) (18+),June 6 2025,8:30 PM,7th St Entry,701 First Avenue North Minneapolis MN,Music (Blues Rock)
185,Naethan Apollo,June 7 2025,7:00 PM,7th St Entry,701 First Avenue North Minneapolis MN,Music (Indie Pop/Alternative)
186,NOBRO with Gen and the Degenerates Bad Waitress (18+),June 8 2025,8:00 PM,7th St Entry,701 First Avenue North Minneapolis MN,Music (Punk Rock/Garage Rock)
187,Mei Semones (18+),June 9 2025,8:00 PM,7th St Entry,701 First Avenue North Minneapolis MN,Music (Indie Pop/Jazz)
188,SWEET SPINE (18+),June 10 2025,8:00 PM,7th St Entry,701 First Avenue North Minneapolis MN,Music (Alternative/Indie)
189,The Get Together,June 11 2025,Varies,7th St Entry,701 First Avenue North Minneapolis MN,Music
190,Molly Brandt with Mojohand,June 12 2025,Varies,7th St Entry,701 First Avenue North Minneapolis MN,Music (Country/Folk)
191,Florry (18+),June 13 2025,8:30 PM,7th St Entry,701 First Avenue North Minneapolis MN,Music (Indie Rock/Country)
192,Half Gringa,June 14 2025,Varies,7th St Entry,701 First Avenue North Minneapolis MN,Music (Indie Folk/Rock)
193,Samantha Crain with Quinn Christopherson,June 15 2025,8:00 PM,7th St Entry,701 First Avenue North Minneapolis MN,Music (Folk/Singer-Songwriter)
194,Sunflower Bean,June 17 2025,7:00 PM (Doors),7th St Entry,701 First Avenue North Minneapolis MN,Music (Indie Rock/Alternative)
195,Planning For Burial (18+),June 18 2025,Varies,7th St Entry,701 First Avenue North Minneapolis MN,Music (Experimental/Doomgaze)
196,Ethan Tasch,June 21 2025,Varies,7th St Entry,701 First Avenue North Minneapolis MN,Music (Indie Folk/Pop)
197,Sofie Royer with Rebounder,June 22 2025,Varies,7th St Entry,701 First Avenue North Minneapolis MN,Music (Indie Pop/Alternative)
198,Cloakroom,June 24 2025,Varies,7th St Entry,701 First Avenue North Minneapolis MN,Music (Rock/Shoegaze)
199,Red Leather with De'Wayne,June 25 2025,Varies,7th St Entry,701 First Avenue North Minneapolis MN,Music (Alternative Rock/Punk)
200,Lovehouse,June 26 2025,Varies,7th St Entry,701 First Avenue North Minneapolis MN,Music
201,Bandits on the Run,July 1 2025,Varies,7th St Entry,701 First Avenue North Minneapolis MN,Music (Folk Pop/Indie Folk)
202,Wavves,July 2 2025,Varies,7th St Entry,701 First Avenue North Minneapolis MN,Music (Surf Rock/Noise Pop)
203,40 Watt Sun,July 3 2025,Varies,7th St Entry,701 First Avenue North Minneapolis MN,Music (Doom Metal/Folk)
204,Space Monkey Mafia,July 5 2025,Varies,7th St Entry,701 First Avenue North Minneapolis MN,Music (Ska/Punk)
205,Ye Vagabonds,July 9 2025,Varies,7th St Entry,701 First Avenue North Minneapolis MN,Music (Folk/Traditional Irish)
206,Los Bitchos,July 10 2025,Varies,7th St Entry,701 First Avenue North Minneapolis MN,Music (Instrumental Cumbia/Psychedelic)
207,Friendship,July 11 2025,Varies,7th St Entry,701 First Avenue North Minneapolis MN,Music (Indie Folk/Rock)
208,Bones Owens,July 13 2025,Varies,7th St Entry,701 First Avenue North Minneapolis MN,Music (Rock/Blues)
209,EKKSTACY (18+),July 14 2025,Varies,7th St Entry,701 First Avenue North Minneapolis MN,Music (Indie Pop/Alternative)
210,In the Company of Serpents,July 16 2025,Varies,7th St Entry,701 First Avenue North Minneapolis MN,Music (Sludge Metal/Doom Metal)
211,Dom Corleo,July 17 2025,Varies,7th St Entry,701 First Avenue North Minneapolis MN,Music (Hip Hop/Rap)
212,Ace Monroe,July 20 2025,Varies,7th St Entry,701 First Avenue North Minneapolis MN,Music (Rock)
213,Petite Noir (18+),July 22 2025,Varies,7th St Entry,701 First Avenue North Minneapolis MN,Music (Alternative/Electronic/African)
214,BashfortheWorld,July 23 2025,Varies,7th St Entry,701 First Avenue North Minneapolis MN,Music (Hip Hop/Rap)
215,Sour Widows,July 24 2025,Varies,7th St Entry,701 First Avenue North Minneapolis MN,Music (Indie Rock/Slowcore)
216,Open Mike Eagle with Cavalier Rhys Langston,July 25 2025,7:30 PM (Doors) 8:30 PM (Show),7th St Entry,701 First Avenue North Minneapolis MN,Music (Alternative Hip Hop)
217,Mitchell Ferguson,July 26 2025,Varies,7th St Entry,701 First Avenue North Minneapolis MN,Music (Country/Singer-Songwriter)
218,Mustard Service,July 28 2025,Varies,7th St Entry,701 First Avenue North Minneapolis MN,Music (Indie Rock/Jangle Pop)
219,Charlotte Lawrence,July 31 2025,Varies,7th St Entry,701 First Avenue North Minneapolis MN,Music (Pop)
220,Julie Eddy,Aug 1 2025,Varies,7th St Entry,701 First Avenue North Minneapolis MN,Music (Country/Pop)
221,The Deslondes / SABINE McCALLA,Aug 4 2025,Varies,7th St Entry,701 First Avenue North Minneapolis MN,Music (Country Soul/Folk)
222,Horsegirl with Godcaster,Aug 5 2025,Varies,7th St Entry,701 First Avenue North Minneapolis MN,Music (Indie Rock/Noise Rock)
223,Broncho,Aug 7 2025,Varies,7th St Entry,701 First Avenue North Minneapolis MN,Music (Indie Rock/Garage Rock)
224,Michael Seyer,Aug 8 2025,Varies,7th St Entry,701 First Avenue North Minneapolis MN,Music (Indie Pop/Bedroom Pop)
225,Penelope Road,Aug 9 2025,Varies,7th St Entry,701 First Avenue North Minneapolis MN,Music
226,Mal Blum,Aug 10 2025,Varies,7th St Entry,701 First Avenue North Minneapolis MN,Music (Indie Folk/Punk)
227,Kiesza with Bonnie McKee,Aug 11 2025,Varies,7th St Entry,701 First Avenue North Minneapolis MN,Music (Pop/Electronic)
228,Delilah Bon,Aug 12 2025,Varies,7th St Entry,701 First Avenue North Minneapolis MN,Music (Hip Hop/Punk/Riot Grrrl)
229,Cardinal Black (with Chris Buck),Aug 14 2025,Varies,7th St Entry,701 First Avenue North Minneapolis MN,Music (Rock/Blues)
230,Hermitage Green,Aug 18 2025,Varies,7th St Entry,701 First Avenue North Minneapolis MN,Music (Irish Folk Rock)
231,Joel Sunny,Aug 20 2025,Varies,7th St Entry,701 First Avenue North Minneapolis MN,Music
232,Jason Dea West,Aug 22 2025,Varies,7th St Entry,701 First Avenue North Minneapolis MN,Music (Folk/Americana)
233,Pile (18+),Aug 30 2025,Varies,7th St Entry,701 First Avenue North Minneapolis MN,Music (Indie Rock/Post-Hardcore)
234,McKinley Dixon,Sep 3 2025,Varies,7th St Entry,701 First Avenue North Minneapolis MN,Music (Hip Hop/Jazz Rap)
235,Amira Elfeky with Ally Nicholas The Requiem,Sep 12 2025,Varies,7th St Entry,701 First Avenue North Minneapolis MN,Music (Alternative/Indie)
236,Nature TV (18+),Sep 13 2025,Varies,7th St Entry,701 First Avenue North Minneapolis MN,Music (Indie Pop/Dream Pop)
237,The Back Alley,Sep 18 2025,Varies,7th St Entry,701 First Avenue North Minneapolis MN,Music
238,Nourished by Time,Sep 23 2025,Varies,7th St Entry,701 First Avenue North Minneapolis MN,Music (Electronic/Ambient)
239,Cochise,Sep 27 2025,Varies,7th St Entry,701 First Avenue North Minneapolis MN,Music (Hip Hop/Rap)
240,Stacey Ryan,Sep 29 2025,Varies,7th St Entry,701 First Avenue North Minneapolis MN,Music (Pop/Jazz)
241,Michael Minelli,Oct 3 2025,Varies,7th St Entry,701 First Avenue North Minneapolis MN,Music (R&B/Soul)
242,The Criticals,Oct 7 2025,Varies,7th St Entry,701 First Avenue North Minneapolis MN,Music (Rock)
243,Far Caspian,Oct 8 2025,Varies,7th St Entry,701 First Avenue North Minneapolis MN,Music (Indie Pop/Dream Pop)
244,GUNNAR,Oct 10 2025,Varies,7th St Entry,701 First Avenue North Minneapolis MN,Music (Pop/Rock)
245,Bambara,Oct 13 2025,Varies,7th St Entry,701 First Avenue North Minneapolis MN,Music (Post-Punk/Noise Rock)
246,Rio Romeo,Oct 19 2025,Varies,7th St Entry,701 First Avenue North Minneapolis MN,Music (Indie Pop/Alternative)
247,Andrew Cushin,Nov 7 2025,Varies,7th St Entry,701 First Avenue North Minneapolis MN,Music (Singer-Songwriter/Indie Folk)
248,Rocket,Nov 15 2025,Varies,7th St Entry,701 First Avenue North Minneapolis MN,Music
249,billy woods,Nov 17 2025,Varies,7th St Entry,701 First Avenue North Minneapolis MN,Music (Abstract Hip Hop)
250,Teethe (18+),Dec 14 2025,8:00 PM (Doors 7PM),7th St Entry,701 First Avenue North Minneapolis MN,Music (Indie Rock/Slowcore)
251,Dhaxal-Suge - Somali Museum Dance Troupe,May 25 2025,7:30 PM,The Cedar Cultural Center,416 Cedar Ave S Minneapolis MN,Dance (Cultural/Folk)
252,The Cedar Presents VALERIE JUNE with Chastity Brown (AT STATE THEATRE),May 31 2025,8:00 PM,State Theatre,805 Hennepin Ave Minneapolis MN,Music (Folk/Blues/Soul),*Event at State Theatre*
253,ALEJANDRO BRITTES with Havana Quartet ~Barroco Latinoamericano~,June 4 2025,7:30 PM,The Cedar Cultural Center,416 Cedar Ave S Minneapolis MN,Music (Latin/Folk/World)
254,TaikoArts Midwest Presents: TaikoGROOVE a concert dance party,June 7 2025,7:00 PM,The Cedar Cultural Center,416 Cedar Ave S Minneapolis MN,Music (Taiko/World)/Dance
255,Volunteer Orientation at The Cedar,June 9 2025,5:30 PM,The Cedar Cultural Center,416 Cedar Ave S Minneapolis MN,Community Event/Volunteer
256,TED OLSEN: VIOLETTE ~Album Release Show~,June 11 2025,7:30 PM,The Cedar Cultural Center,416 Cedar Ave S Minneapolis MN,Music (Chamber/Jazz)
257,THE GREAT NORTHERN + THE STROLLING CLONES,June 14 2025,7:30 PM,The Cedar Cultural Center,416 Cedar Ave S Minneapolis MN,Music (Rock/Tribute)
258,PETER MULVEY with Ben Weaver,June 15 2025,7:30 PM,The Cedar Cultural Center,416 Cedar Ave S Minneapolis MN,Music (Folk/Singer-Songwriter)
259,MELISSA FERRICK with Rose Cousins,June 18 2025,7:30 PM,The Cedar Cultural Center,416 Cedar Ave S Minneapolis MN,Music (Folk Rock/Singer-Songwriter)
260,Leslie Parker & Collaborators (an experiment pt. II),June 22 2025,7:30 PM,The Cedar Cultural Center,416 Cedar Ave S Minneapolis MN,Dance (Contemporary/Improvisation)
261,LOST BAYOU RAMBLERS,June 25 2025,7:30 PM,The Cedar Cultural Center,416 Cedar Ave S Minneapolis MN,Music (Cajun/Zydeco)
262,Robert Lehmann "Ancestral Currents" Album Release with sunpearl,June 27 2025,8:00 PM,The Cedar Cultural Center,416 Cedar Ave S Minneapolis MN,Music (Album Release)
263,Sinkane (Outdoor Summer Concert Series Kickoff),July 9 2025,6:00 PM,The Cedar Cultural Center (Plaza),416 Cedar Ave S Minneapolis MN,Music (Funk Rock/Afrofuturist/World - Outdoor)
264,ALLISON de GROOT & TATIANA HARGREAVES,July 10 2025,7:30 PM,The Cedar Cultural Center,416 Cedar Ave S Minneapolis MN,Music (Folk/Old-Time)
265,MARYNA KRUT with Red Thread,July 15 2025,7:30 PM,The Cedar Cultural Center,416 Cedar Ave S Minneapolis MN,Music (World/Folk - Ukrainian)
266,Yeison Landero (Outdoor Summer Concert Series),July 16 2025,6:00 PM,The Cedar Cultural Center (Plaza),416 Cedar Ave S Minneapolis MN,Music (Cumbia/Latin - Outdoor)
267,SHAMARR ALLEN,July 17 2025,7:30 PM,The Cedar Cultural Center,416 Cedar Ave S Minneapolis MN,Music (Jazz/Funk/Hip Hop)
268,Abinnet Berhanu's Ahndenet (Outdoor Summer Concert Series),July 23 2025,6:00 PM,The Cedar Cultural Center (Plaza),416 Cedar Ave S Minneapolis MN,Music (Jazz/World Fusion - Outdoor)
269,The Buddha Prince (Outdoor Summer Concert Series),July 30 2025,6:00 PM,The Cedar Cultural Center (Plaza),416 Cedar Ave S Minneapolis MN,Theater/Performance (Outdoor)
270,An Evening with DOOLIN',Aug 4 2025,7:30 PM,The Cedar Cultural Center,416 Cedar Ave S Minneapolis MN,Music (Irish Folk/World)
271,Combo Daguerre (Outdoor Summer Concert Series),Aug 6 2025,6:00 PM,The Cedar Cultural Center (Plaza),416 Cedar Ave S Minneapolis MN,Music (Latin/French/Psychedelic - Outdoor)
272,The Burroughs (Outdoor Summer Concert Series),Aug 13 2025,6:00 PM,The Cedar Cultural Center (Plaza),416 Cedar Ave S Minneapolis MN,Music (Soul/Funk - Outdoor)
273,Ukrainian Village Band (Outdoor Summer Concert Series),Aug 20 2025,6:00 PM,The Cedar Cultural Center (Plaza),416 Cedar Ave S Minneapolis MN,Music (Ukrainian Folk/World - Outdoor)
274,MARC RIBOT: Map of a Blue City (Record Release),Sep 5 2025,8:00 PM,The Cedar Cultural Center,416 Cedar Ave S Minneapolis MN,Music (Avant-Garde/Jazz/Rock)
275,The Messthetics & James Brandon Lewis,Sep 6 2025,8:00 PM,The Cedar Cultural Center,416 Cedar Ave S Minneapolis MN,Music (Jazz/Rock/Experimental)
276,FIRST AVENUE PRESENTS: MIPSO,Sep 18 2025,7:30 PM,The Cedar Cultural Center,416 Cedar Ave S Minneapolis MN,Music (Folk/Americana/Bluegrass)
277,An Evening with PUULUUP,Sep 23 2025,7:30 PM,The Cedar Cultural Center,416 Cedar Ave S Minneapolis MN,Music (Folk/World/Experimental - Estonian)
278,ZAR ELECTRIK,Sep 24 2025,7:30 PM,The Cedar Cultural Center,416 Cedar Ave S Minneapolis MN,Music (World/Electronic)
279,MAMA'S BROKE with Chris Acker,Sep 25 2025,7:30 PM,The Cedar Cultural Center,416 Cedar Ave S Minneapolis MN,Music (Folk/Roots)
280,The Cedar Cultural Center's Global Roots Festival,Fall 2025 (Likely Sep dates TBD),Varies,The Cedar Cultural Center,416 Cedar Ave S Minneapolis MN,Music Festival (World/Folk)
281,An Evening with JOHN McCUTCHEON,Oct 4 2025,8:00 PM,The Cedar Cultural Center,416 Cedar Ave S Minneapolis MN,Music (Folk/Singer-Songwriter)
282,COLE PULICE,Oct 17 2025,8:00 PM,The Cedar Cultural Center,416 Cedar Ave S Minneapolis MN,Music (Experimental/Ambient/Saxophone)
283,PACHYMAN + MNDSGN,Oct 18 2025,8:00 PM,The Cedar Cultural Center,416 Cedar Ave S Minneapolis MN,Music (Reggae/Dub + Electronic/Hip Hop)
284,The Cedar Presents An Evening with COLIN HAY (AT PANTAGES THEATRE),Oct 30 2025,7:30 PM,Pantages Theatre,710 Hennepin Ave Minneapolis MN,Music (Rock/Pop),*Event at Pantages Theatre*
285,Davina and The Vagabonds,May 23 2025,7:00 PM,Dakota Jazz Club,1010 Nicollet Mall Minneapolis MN,Music (Roots Blues/Jazz/Pop)
286,Jay Young & the Lyric Factory presents: Everybody wants to rule the world,May 24 2025,7:00 PM,Dakota Jazz Club,1010 Nicollet Mall Minneapolis MN,Music (Jazz/Soul)
287,Tim Sparks Tom Lieberman & Ben Abrahamson,May 25 2025,7:00 PM,Dakota Jazz Club,1010 Nicollet Mall Minneapolis MN,Music (Folk/Jazz/Guitar)
288,The Klezmatics with Special Guests Red Thread,May 27 2025,7:00 PM,Dakota Jazz Club,1010 Nicollet Mall Minneapolis MN,Music (Klezmer)
289,Antonio Rey: Historias de un Flamenco w/Juanito Pascual,May 28 2025,7:00 PM,Dakota Jazz Club,1010 Nicollet Mall Minneapolis MN,Music (Flamenco)
290,Boiled In Lead,May 29 2025,7:00 PM,Dakota Jazz Club,1010 Nicollet Mall Minneapolis MN,Music (Celtic Folk/World)
291,T. Mychael Rambo & Ginger Commodore: “Q” – The Soul of Quincy Jones,May 30 2025,7:00 PM,Dakota Jazz Club,1010 Nicollet Mall Minneapolis MN,Music (Soul/Jazz - Tribute)
292,Nachito Herrera: 60th Birthday Celebration,May 31 2025,7:00 PM,Dakota Jazz Club,1010 Nicollet Mall Minneapolis MN,Music (Cuban Jazz/Classical)
293,Natania & Ticket to Brasil,June 1 2025,7:00 PM,Dakota Jazz Club,1010 Nicollet Mall Minneapolis MN,Music (Bossa Nova)
294,Leslie Vincent + Dylan Hicks & Small Screens,June 2 2025,7:00 PM,Dakota Jazz Club,1010 Nicollet Mall Minneapolis MN,Music (Pop/Indie)
295,Matteo Mancuso,June 4 2025,7:00 PM & 9:00 PM,Dakota Jazz Club,1010 Nicollet Mall Minneapolis MN,Music (Jazz/Rock - Guitar)
296,Kavyesh Kaviraj & Omar Abdulkarim,June 5 2025,7:00 PM,Dakota Jazz Club,1010 Nicollet Mall Minneapolis MN,Music (Modern Jazz)
297,Lil' Ed & The Blues Imperials,June 6 2025,7:00 PM,Dakota Jazz Club,1010 Nicollet Mall Minneapolis MN,Music (Blues)
298,The Rolling Stoners (Rolling Stones Tribute),June 7 2025,7:00 PM,Dakota Jazz Club,1010 Nicollet Mall Minneapolis MN,Music (Tribute/Rock)
299,One World: The Best of Sting & The Police (Tribute),June 8 2025,7:00 PM,Dakota Jazz Club,1010 Nicollet Mall Minneapolis MN,Music (Tribute/Rock)
300,Cafe Accordion Orchestra w/Prudence Johnson,June 9 2025,7:00 PM,Dakota Jazz Club,1010 Nicollet Mall Minneapolis MN,Music (Vintage Parisian/Swing)
301,Judy Collins,June 10 2025,7:00 PM,Dakota Jazz Club,1010 Nicollet Mall Minneapolis MN,Music (Folk/Pop)
302,Judy Collins,June 11 2025,7:00 PM,Dakota Jazz Club,1010 Nicollet Mall Minneapolis MN,Music (Folk/Pop)
303,Church of Cash (Johnny Cash Tribute),June 12 2025,Varies,Dakota Jazz Club,1010 Nicollet Mall Minneapolis MN,Music (Tribute/Country)
304,Shaun Johnson Trio,June 13 2025,Varies,Dakota Jazz Club,1010 Nicollet Mall Minneapolis MN,Music (Pop/Vocal)
305,Steve Cole,June 14 2025,Varies,Dakota Jazz Club,1010 Nicollet Mall Minneapolis MN,Music (Smooth Jazz)
306,Jim Messina,June 15 2025,6:30 PM & 8:30 PM,Dakota Jazz Club,1010 Nicollet Mall Minneapolis MN,Music (Rock/Folk Rock)
307,Janis Siegel (of Manhattan Transfer),June 16 2025,7:00 PM,Dakota Jazz Club,1010 Nicollet Mall Minneapolis MN,Music (Jazz/Vocal)
308,SHAUN LABELLE & STOKLEY Feat. BOBBY LYLE,June 17 2025,Varies (one show 9PM),Dakota Jazz Club,1010 Nicollet Mall Minneapolis MN,Music (Smooth Jazz)
309,Darlingside,June 18 2025,Varies,Dakota Jazz Club,1010 Nicollet Mall Minneapolis MN,Music (Indie Folk)
310,Waltz for Debbie: A Juneteenth Tribute to Debbie Duncan,June 19 2025,7:00 PM,Dakota Jazz Club,1010 Nicollet Mall Minneapolis MN,Music (Jazz - Tribute/Juneteenth)
311,Nellie McKay – Album Release,June 20 2025,7:00 PM,Dakota Jazz Club,1010 Nicollet Mall Minneapolis MN,Music (Cabaret/Pop - Album Release)
312,Infidels: A Bob Dylan Tribute,June 21 2025,7:00 PM,Dakota Jazz Club,1010 Nicollet Mall Minneapolis MN,Music (Tribute/Folk Rock)
313,Shawn Mullins,June 22 2025,Varies,Dakota Jazz Club,1010 Nicollet Mall Minneapolis MN,Music (Folk Rock/Singer-Songwriter)
314,The English Beat,June 23 2025,Varies,Dakota Jazz Club,1010 Nicollet Mall Minneapolis MN,Music (Ska/New Wave)
315,Pedrito Martínez,June 24 2025,Varies,Dakota Jazz Club,1010 Nicollet Mall Minneapolis MN,Music (Afro-Cuban/Latin Jazz)
316,Stanley Clarke N•4EVER,June 26 2025,Varies (Two Shows),Dakota Jazz Club,1010 Nicollet Mall Minneapolis MN,Music (Jazz Fusion/Bass)
317,Stanley Clarke N•4EVER,June 27 2025,Varies,Dakota Jazz Club,1010 Nicollet Mall Minneapolis MN,Music (Jazz Fusion/Bass)
318,Andrew Walesch & His Orchestra,June 28 2025,Varies,Dakota Jazz Club,1010 Nicollet Mall Minneapolis MN,Music (Big Band/Vocal Jazz)
319,Spyro Gyra,June 29 2025,Varies,Dakota Jazz Club,1010 Nicollet Mall Minneapolis MN,Music (Jazz Fusion)
320,Salin,June 30 2025,Varies,Dakota Jazz Club,1010 Nicollet Mall Minneapolis MN,Music
321,The Belfast Cowboys,July 1 2025,Varies,Dakota Jazz Club,1010 Nicollet Mall Minneapolis MN,Music (Van Morrison Tribute/Rock)
322,"Let the Music Play" - The Music of Barry White,July 9 2025,Varies,Dakota Jazz Club,1010 Nicollet Mall Minneapolis MN,Music (Soul/R&B - Tribute)
323,Lissie,July 11 2025,Varies (Two Shows),Dakota Jazz Club,1010 Nicollet Mall Minneapolis MN,Music (Folk Rock/Pop)
324,Lissie,July 12 2025,Varies,Dakota Jazz Club,1010 Nicollet Mall Minneapolis MN,Music (Folk Rock/Pop)
325,Carolyn Wonderland,July 13 2025,Varies,Dakota Jazz Club,1010 Nicollet Mall Minneapolis MN,Music (Blues/Rock)
326,Sarah Morris,July 14 2025,Varies,Dakota Jazz Club,1010 Nicollet Mall Minneapolis MN,Music (Country/Folk - Local)
327,An Evening with The Baylor Project,July 15 2025,Varies,Dakota Jazz Club,1010 Nicollet Mall Minneapolis MN,Music (Jazz/Vocal)
328,Keiko Matsui,July 16 2025,Varies,Dakota Jazz Club,1010 Nicollet Mall Minneapolis MN,Music (Smooth Jazz/New Age)
329,Rogue Valley,July 17 2025,Varies,Dakota Jazz Club,1010 Nicollet Mall Minneapolis MN,Music (Indie Folk/Rock - Local)
330,Patti Austin,July 18 2025,Varies (Two Shows),Dakota Jazz Club,1010 Nicollet Mall Minneapolis MN,Music (Jazz/R&B/Pop)
331,Patti Austin,July 19 2025,Varies,Dakota Jazz Club,1010 Nicollet Mall Minneapolis MN,Music (Jazz/R&B/Pop)
332,Mohini Dey,July 22 2025,Varies,Dakota Jazz Club,1010 Nicollet Mall Minneapolis MN,Music (Jazz Fusion/Bass)
333,Storm Large,July 24 2025,7:00 PM & 9:00 PM,Dakota Jazz Club,1010 Nicollet Mall Minneapolis MN,Music (Cabaret/Rock/Pop)
334,Steven Page,July 27 2025,7:00 PM,Dakota Jazz Club,1010 Nicollet Mall Minneapolis MN,Music (Alternative Rock - Formerly Barenaked Ladies)
335,Arturo Sandoval,Aug 1 2025,7:00 PM & 9:00 PM,Dakota Jazz Club,1010 Nicollet Mall Minneapolis MN,Music (Jazz/Trumpet - Cuban)
336,Talib Kweli w/Special Guest NIKO IS,Aug 2 2025,6:30 PM & 9:00 PM,Dakota Jazz Club,1010 Nicollet Mall Minneapolis MN,Music (Hip Hop)
337,Jearlyn Steele and Patty Peterson: “At Last”,Aug 3 2025,7:00 PM,Dakota Jazz Club,1010 Nicollet Mall Minneapolis MN,Music (Vocal Jazz/Soul - Local)
338,Sheila E. & the E-Train,Aug 5 2025,6:30 PM & 9:00 PM,Dakota Jazz Club,1010 Nicollet Mall Minneapolis MN,Music (Funk/Pop/Percussion)
339,Gadan (Of We Banjo 3),Aug 6 2025,7:00 PM,Dakota Jazz Club,1010 Nicollet Mall Minneapolis MN,Music (Irish Folk/Bluegrass)
340,Sheila E.,Aug 7 2025,Varies,Dakota Jazz Club,1010 Nicollet Mall Minneapolis MN,Music (Funk/Pop/Percussion)
341,Sheila E.,Aug 8 2025,Varies,Dakota Jazz Club,1010 Nicollet Mall Minneapolis MN,Music (Funk/Pop/Percussion)
342,Ruthie Foster,Aug 14 2025,Varies,Dakota Jazz Club,1010 Nicollet Mall Minneapolis MN,Music (Blues/Folk/Gospel)
343,Ruthie Foster,Aug 15 2025,Varies,Dakota Jazz Club,1010 Nicollet Mall Minneapolis MN,Music (Blues/Folk/Gospel)
344,Jane Monheit,Aug 2025 (Date TBD),Varies,Dakota Jazz Club,1010 Nicollet Mall Minneapolis MN,Music (Jazz Vocal)
345,We Stand Together Tour,Aug 2025 (Two dates TBD),Varies,Dakota Jazz Club,1010 Nicollet Mall Minneapolis MN,Music
346,Ozomatli - 30 Revolutions Tour,Aug 27 2025,Varies,Dakota Jazz Club,1010 Nicollet Mall Minneapolis MN,Music (Latin/Hip Hop/Funk)
347,Barrington Levy,Sep 10 2025,Varies,Dakota Jazz Club,1010 Nicollet Mall Minneapolis MN,Music (Reggae/Dancehall)
348,Barrington Levy,Sep 11 2025,Varies,Dakota Jazz Club,1010 Nicollet Mall Minneapolis MN,Music (Reggae/Dancehall)
349,Dominique Fils-Aimé,Sep 14 2025,Varies,Dakota Jazz Club,1010 Nicollet Mall Minneapolis MN,Music (Soul/Jazz/Vocal)
350,Joan Osborne,Oct 3 2025,Varies,Dakota Jazz Club,1010 Nicollet Mall Minneapolis MN,Music (Blues Rock/Soul/Pop),(Also listed at The O'Shaughnessy)
351,Joan Osborne,Oct 4 2025,Varies,Dakota Jazz Club,1010 Nicollet Mall Minneapolis MN,Music (Blues Rock/Soul/Pop)
352,Joshua Radin,Nov 2 2025,Varies,Dakota Jazz Club,1010 Nicollet Mall Minneapolis MN,Music (Folk/Acoustic/Pop)
353,Yellow Ostrich / anni xo and Kiernan,May 23 2025,8:00 PM,Fine Line Music Cafe,318 N 1st Ave Minneapolis MN,Music (Indie Rock)
354,An Evening with The Kiffness (Vote4Pets Tour),May 24 2025,7:30 PM / 8:00 PM,Fine Line Music Cafe,318 N 1st Ave Minneapolis MN,Music (Electronic/Comedy)
355,Southern Culture on the Skids with Kinda Fonda Wanda (18+),May 25 2025,8:00 PM,Fine Line Music Cafe,318 N 1st Ave Minneapolis MN,Music (Rockabilly/Surf Rock)
356,Cosmic Supreme Tour: John Mark McMillan + Citizens,May 27 2025,7:00 PM / 8:00 PM,Fine Line Music Cafe,318 N 1st Ave Minneapolis MN,Music (Christian Rock/Indie Folk)
357,Cold with September Mourning and University Drive,May 28 2025,8:00 PM,Fine Line Music Cafe,318 N 1st Ave Minneapolis MN,Music (Alternative Metal/Rock)
358,Ziggy Alberts with Steph Strings (18+),May 29 2025,8:00 PM,Fine Line Music Cafe,318 N 1st Ave Minneapolis MN,Music (Folk/Singer-Songwriter)
359,Emo Nite,May 30 2025,9:00 PM,Fine Line Music Cafe,318 N 1st Ave Minneapolis MN,Music (DJ/Dance Party - Emo/Pop Punk)
360,Lyn Lapid with RC AVENUE,June 1 2025,7:30 PM,Fine Line Music Cafe,318 N 1st Ave Minneapolis MN,Music (Pop/Indie Pop)
361,Geordie Kieffer (18+),June 5 2025,8:30 PM,Fine Line Music Cafe,318 N 1st Ave Minneapolis MN,Music (Electro Pop/Dark Pop)
362,Honey Revenge with Daisy Grenade Vana nightlife,June 6 2025,7:00 PM,Fine Line Music Cafe,318 N 1st Ave Minneapolis MN,Music (Pop Punk/Alternative Rock)
363,Annie DiRusso with Daffo,June 7 2025,8:30 PM,Fine Line Music Cafe,318 N 1st Ave Minneapolis MN,Music (Indie Rock/Alternative)
364,Blondshell with meg elsier,June 11 2025,8:00 PM,Fine Line Music Cafe,318 N 1st Ave Minneapolis MN,Music (Indie Rock/Alternative)
365,Broadway Rave (18+),June 13 2025,9:00 PM,Fine Line Music Cafe,318 N 1st Ave Minneapolis MN,Music (DJ/Dance Party - Broadway Themed)
366,Sleigh Bells with Sophie Hunter,June 14 2025,8:30 PM,Fine Line Music Cafe,318 N 1st Ave Minneapolis MN,Music (Noise Pop/Electronic)
367,Millyz,June 18 2025,7:00 PM,Fine Line Music Cafe,318 N 1st Ave Minneapolis MN,Music (Hip Hop/Rap)
368,Greer,June 19 2025,7:30 PM,Fine Line Music Cafe,318 N 1st Ave Minneapolis MN,Music (Indie Rock)
369,Arooj Aftab - Night Reign Tour,June 21 2025,8:00 PM,Fine Line Music Cafe,318 N 1st Ave Minneapolis MN,Music (Neo-Sufi/Jazz/Minimalist)
370,The Cat Empire with LowDown Brass Band (18+),June 24 2025,8:00 PM,Fine Line Music Cafe,318 N 1st Ave Minneapolis MN,Music (Ska/Jazz/Funk)
371,The Blue Stones with Meltt,June 26 2025,8:00 PM,Fine Line Music Cafe,318 N 1st Ave Minneapolis MN,Music (Blues Rock/Alternative Rock)
372,Porch Light,June 28 2025,8:30 PM,Fine Line Music Cafe,318 N 1st Ave Minneapolis MN,Music (Indie Folk/Rock)
373,Pepper with Cydeways (18+),June 29 2025,8:00 PM,Fine Line Music Cafe,318 N 1st Ave Minneapolis MN,Music (Reggae Rock/Ska Punk)
374,The Mekons with Jake La Botz,July 9 2025,7:00 PM / 8:00 PM,Fine Line Music Cafe,318 N 1st Ave Minneapolis MN,Music (Punk Rock/Folk Rock)
375,Heart Attack Man with The Dirty Nil Carpool Dear Seattle,July 11 2025,7:00 PM / 7:30 PM,Fine Line Music Cafe,318 N 1st Ave Minneapolis MN,Music (Pop Punk/Alternative Rock)
376,Roger Clyne & the Peacemakers,July 12 2025,8:00 PM,Fine Line Music Cafe,318 N 1st Ave Minneapolis MN,Music (Alternative Rock/Southwestern Rock)
377,Sematary with Ghost Mountain Hackle Anvil,July 25 2025,7:00 PM,Fine Line Music Cafe,318 N 1st Ave Minneapolis MN,Music (Hip Hop/Trap Metal/Horrorcore)
378,of Montreal with Bijoux Cone,July 28 2025,8:00 PM (Doors 7PM),Fine Line Music Cafe,318 N 1st Ave Minneapolis MN,Music (Indie Pop/Psychedelic Pop)
379,Scowl with Glixen Sleeper Cell mold,July 29 2025,7:00 PM (Doors 6PM),Fine Line Music Cafe,318 N 1st Ave Minneapolis MN,Music (Hardcore Punk/Alternative Rock)
380,King Lil G & Young Drummer Boy with HEXXX,Aug 3 2025,7:00 PM,Fine Line Music Cafe,318 N 1st Ave Minneapolis MN,Music (Hip Hop/Rap)
381,Jake Scott with MaRynn Taylor,Aug 6 2025,7:30 PM,Fine Line Music Cafe,318 N 1st Ave Minneapolis MN,Music (Pop/Singer-Songwriter)
382,Clipping.,Aug 7 2025,8:30 PM,Fine Line Music Cafe,318 N 1st Ave Minneapolis MN,Music (Experimental Hip Hop/Industrial Hip Hop)
383,Attack Attack! with Savage Hands Versus Me,Aug 24 2025,Varies,Fine Line Music Cafe,318 N 1st Ave Minneapolis MN,Music (Metalcore/Electronicore)
384,Dystinct,Sep 6 2025,8:30 PM,Fine Line Music Cafe,318 N 1st Ave Minneapolis MN,Music (Moroccan Pop/Urban)
385,Waylon Wyatt,Sep 8 2025,8:00 PM,Fine Line Music Cafe,318 N 1st Ave Minneapolis MN,Music (Country/Americana)
386,Marcin - Marcin Patrzalek,Sep 10 2025,8:30 PM,Fine Line Music Cafe,318 N 1st Ave Minneapolis MN,Music (Acoustic Guitar/Percussive Fingerstyle)
387,CMAT,Sep 12 2025,8:00 PM,Fine Line Music Cafe,318 N 1st Ave Minneapolis MN,Music (Pop/Country/Indie)
388,Age of Madness,Sep 13 2025,8:00 PM,Fine Line Music Cafe,318 N 1st Ave Minneapolis MN,Music (Rock/Metal)
389,The Baseball Project with The Minus 5,Sep 17 2025,8:00 PM (Doors 7PM),Fine Line Music Cafe,318 N 1st Ave Minneapolis MN,Music (Indie Rock/Power Pop - Supergroup)
390,Symphony X with Sonata Arctica,Sep 24 2025,8:00 PM,Fine Line Music Cafe,318 N 1st Ave Minneapolis MN,Music (Progressive Metal/Power Metal)
391,Brent Cobb,Sep 25 2025,8:00 PM,Fine Line Music Cafe,318 N 1st Ave Minneapolis MN,Music (Country/Americana)
392,Autoheart with Wild Party,Sep 27 2025,8:00 PM,Fine Line Music Cafe,318 N 1st Ave Minneapolis MN,Music (Indie Pop/Synth-Pop)
393,Mo Lowda & the Humble with French Cassettes,Sep 28 2025,8:00 PM,Fine Line Music Cafe,318 N 1st Ave Minneapolis MN,Music (Indie Rock/Alternative)
394,Willi Carlisle,Sep 30 2025,8:00 PM,Fine Line Music Cafe,318 N 1st Ave Minneapolis MN,Music (Folk/Americana/Ozark Music)
395,Tune-Yards,Oct 1 2025,8:00 PM,Fine Line Music Cafe,318 N 1st Ave Minneapolis MN,Music (Art Pop/Experimental Pop)
396,Destroyer (Dan's Boogie Tour) with Jennifer Castle,Oct 4 2025,8:00 PM,Fine Line Music Cafe,318 N 1st Ave Minneapolis MN,Music (Indie Rock/Art Rock)
397,Mae with The Spill Canvas,Oct 5 2025,8:00 PM,Fine Line Music Cafe,318 N 1st Ave Minneapolis MN,Music (Alternative Rock/Emo)
398,Stop Light Observations,Oct 9 2025,8:30 PM,Fine Line Music Cafe,318 N 1st Ave Minneapolis MN,Music (Alternative Rock/Southern Rock)
399,Cautious Clay,Oct 11 2025,8:30 PM,Fine Line Music Cafe,318 N 1st Ave Minneapolis MN,Music (R&B/Indie Pop/Soul)
400,Craig Finn,Oct 15 2025,8:00 PM,Fine Line Music Cafe,318 N 1st Ave Minneapolis MN,Music (Indie Rock/Singer-Songwriter)
401,Chaparelle,Oct 16 2025,8:00 PM,Fine Line Music Cafe,318 N 1st Ave Minneapolis MN,Music
402,Sons of the East – SONS World Tour 2025,Oct 18 2025,8:30 PM,Fine Line Music Cafe,318 N 1st Ave Minneapolis MN,Music (Indie Folk)
403,Jack and Jack,Oct 21 2025,7:00 PM,Fine Line Music Cafe,318 N 1st Ave Minneapolis MN,Music (Pop Rap)
404,Arcy Drive,Oct 23 2025,7:30 PM,Fine Line Music Cafe,318 N 1st Ave Minneapolis MN,Music (Indie Rock/Alternative)
405,The Walters with Roe Kapara,Oct 29 2025,Varies,Fine Line Music Cafe,318 N 1st Ave Minneapolis MN,Music (Indie Pop/Surf Rock)
406,Kings Kaleidoscope with Hollyn,Nov 1 2025,Varies,Fine Line Music Cafe,318 N 1st Ave Minneapolis MN,Music (Alternative Rock/Christian Rock)
407,Maddie Zahm with Mercer Henderson,Nov 3 2025,7:30 PM,Fine Line Music Cafe,318 N 1st Ave Minneapolis MN,Music (Pop/Singer-Songwriter)
408,Smallpools,Nov 5 2025,8:00 PM,Fine Line Music Cafe,318 N 1st Ave Minneapolis MN,Music (Indie Pop/Alternative Dance)
409,S.G. Goodman,Nov 8 2025,8:30 PM,Fine Line Music Cafe,318 N 1st Ave Minneapolis MN,Music (Folk/Country/Southern Gothic)
410,Boyce Avenue,Nov 16 2025,8:00 PM,Fine Line Music Cafe,318 N 1st Ave Minneapolis MN,Music (Acoustic Pop/Rock)
411,The Castellows,Nov 20 2025,8:00 PM,Fine Line Music Cafe,318 N 1st Ave Minneapolis MN,Music (Country)
412,Nate Smith (Jazz Drummer),Dec 13 2025,8:30 PM,Fine Line Music Cafe,318 N 1st Ave Minneapolis MN,Music (Jazz)
413,Peach Pit & Briston Maroney: Long Hair Long Life Tour,May 30 2025,7:00 PM (Doors 5:30PM),The Armory,500 South 6th St Minneapolis MN,Music (Indie Pop/Rock),All Ages
414,The Driver Era: Obsession Tour,May 31 2025,8:00 PM (Doors 6:30PM),The Armory,500 South 6th St Minneapolis MN,Music (Alternative Rock/Pop),All Ages
415,Pierce The Veil - I Can't Hear You World Tour,June 6 2025,7:00 PM (Doors 6:00PM),The Armory,500 South 6th St Minneapolis MN,Music (Post-Hardcore/Rock),All Ages
416,ONE OK ROCK DETOX NORTH AMERICAN TOUR 2025,June 7 2025,8:00 PM (Doors 6:30PM),The Armory,500 South 6th St Minneapolis MN,Music (Rock/Alternative Rock),All Ages
417,Bloc Party with Blonde Redhead,June 9 2025,7:00 PM,The Armory,500 South 6th St Minneapolis MN,Music (Indie Rock/Post-Punk Revival)
418,Justice: Live,June 17 2025,8:30 PM (Doors 7:00PM),The Armory,500 South 6th St Minneapolis MN,Music (Electronic/Dance),18+
419,RALPH BARBOSA & RENÉ VACA: THE BUTTERFLY EFFECT,June 27 2025,7:00 PM (Doors 6:00PM),The Armory,500 South 6th St Minneapolis MN,Comedy,18+
420,Teddy Swims - I've Tried Everything But Therapy Tour,July 6 2025,8:00 PM (Doors 6:30PM),The Armory,500 South 6th St Minneapolis MN,Music (Pop/Soul/R&B),All Ages (Rescheduled from 6/11)
421,BABYMETAL,July 9 2025,7:00 PM (Doors 5:30PM),The Armory,500 South 6th St Minneapolis MN,Music (Metal/J-Pop),All Ages
422,Lord Huron,July 22 2025,7:30 PM (Doors 6:00PM),The Armory,500 South 6th St Minneapolis MN,Music (Indie Folk/Rock),All Ages
423,DAVIDO - THE 5IVE ALIVE TOUR,July 25 2025,8:00 PM (Doors 6:30PM),The Armory,500 South 6th St Minneapolis MN,Music (Afrobeats/World),All Ages
424,The Red Clay Strays Get Right Tour,July 31 2025,7:30 PM (Doors 6:00PM),The Armory,500 South 6th St Minneapolis MN,Music (Country/Southern Rock)
425,The Marías - Submarine Tour (Extended),Aug 1 2025,8:00 PM (Doors 6:30PM),The Armory,500 South 6th St Minneapolis MN,Music (Indie Pop/Psychedelic Soul)
426,Glass Animals: Tour Of Earth,Aug 4 2025,8:00 PM (Doors 6:30PM),The Armory,500 South 6th St Minneapolis MN,Music (Indie Pop/Psychedelic Pop)
427,Jessie Murph - Worldwide Hysteria,Aug 8 2025,8:00 PM (Doors 6:30PM),The Armory,500 South 6th St Minneapolis MN,Music (Pop/Alternative)
428,The Flaming Lips & Modest Mouse,Aug 15 2025,7:00 PM (Doors 5:30PM),The Armory,500 South 6th St Minneapolis MN,Music (Alternative Rock/Neo-Psychedelia)
429,Ken Carson: The Lord Of Chaos Tour,Aug 17 2025,8:00 PM (Doors 6:30PM),The Armory,500 South 6th St Minneapolis MN,Music (Hip Hop/Rap - Rage)
430,Simple Plan: Bigger Than You Think! Tour,Aug 19 2025,6:30 PM (Doors 5:00PM),The Armory,500 South 6th St Minneapolis MN,Music (Pop Punk/Alternative Rock)
431,Coheed and Cambria & Taking Back Sunday,Aug 20 2025,6:30 PM (Doors 5:00PM),The Armory,500 South 6th St Minneapolis MN,Music (Progressive Rock/Emo)
432,The Black Keys: No Rain No Flowers,Sep 6 2025,8:00 PM (Doors 6:30PM),The Armory,500 South 6th St Minneapolis MN,Music (Blues Rock/Garage Rock)
433,HAIM - I quit tour 2025,Sep 14 2025,7:30 PM (Doors 6:00PM),The Armory,500 South 6th St Minneapolis MN,Music (Pop Rock/Indie Pop)
434,Mt. Joy - Hope We Have Fun Tour,Sep 16 2025,8:00 PM (Doors 6:30PM),The Armory,500 South 6th St Minneapolis MN,Music (Folk Rock/Indie Folk)
435,Quinn XCII - LOOK! I'm Alive Tour,Sep 17 2025,8:00 PM (Doors 6:30PM),The Armory,500 South 6th St Minneapolis MN,Music (Pop/Electronic)
436,Pulp - Here Comes More,Sep 20 2025,8:00 PM (Doors 6:30PM),The Armory,500 South 6th St Minneapolis MN,Music (Britpop/Alternative Rock)
437,Lorde: Ultrasound,Oct 11 2025,7:00 PM (Doors 5:30PM),The Armory,500 South 6th St Minneapolis MN,Music (Pop/Art Pop)
438,Lorde: Ultrasound,Oct 12 2025,7:00 PM (Doors 5:30PM),The Armory,500 South 6th St Minneapolis MN,Music (Pop/Art Pop)
439,Killers of Kill Tony,Oct 25 2025,7:00 PM (Doors 6:00PM),The Armory,500 South 6th St Minneapolis MN,Comedy (Live Podcast/Stand-up)
440,RIVERS OF NIHIL with Holy Fawn Inter Arma Glacial Tomb,May 29 2025,7:00 PM,The Cabooze,917 Cedar Ave S Minneapolis MN,Music (Technical Death Metal/Progressive Metal)
441,PSYCHOSTICK with Texas Toast Chainsaw Massacre & Rad Enhancer,June 4 2025,6:30 PM,The Cabooze,917 Cedar Ave S Minneapolis MN,Music (Comedy Metal/Metalcore)
442,Coco Jones: Why Not More? Tour,May 23 2025,7:00 PM,The Fillmore Minneapolis,521 N 5th St Minneapolis MN,Music (R&B/Soul)
443,JPEGMAFIA,May 24 2025,7:00 PM,The Fillmore Minneapolis,521 N 5th St Minneapolis MN,Music (Experimental Hip Hop/Rap)
444,Turnover - 10 Years of Peripheral Vision,May 27 2025,6:00 PM,The Fillmore Minneapolis,521 N 5th St Minneapolis MN,Music (Indie Rock/Dream Pop)
445,Static-X - Machines VS Monsters Tour 2025,May 30 2025,5:30 PM,The Fillmore Minneapolis,521 N 5th St Minneapolis MN,Music (Industrial Metal/Nu Metal)
446,Dance Gavin Dance "Return Of The Robot" Tour,June 1 2025,5:30 PM,The Fillmore Minneapolis,521 N 5th St Minneapolis MN,Music (Post-Hardcore/Experimental Rock)
447,Shrek XXL - 18+,June 7 2025,9:00 PM,The Fillmore Minneapolis,521 N 5th St Minneapolis MN,Music (DJ/Dance Party - Themed)
448,20 Years of Bloc Party: Silent Alarm & Hits,June 9 2025,6:00 PM & 7:00 PM,The Fillmore Minneapolis,521 N 5th St Minneapolis MN,Music (Indie Rock/Post-Punk Revival)
449,93X Presents: Sleep Theory - The Afterglow Tour,June 11 2025,6:00 PM,The Fillmore Minneapolis,521 N 5th St Minneapolis MN,Music (Rock/Alternative Metal)
450,The Kooks - All Around The World Tour,June 11 2025,Varies,The Fillmore Minneapolis,521 N 5th St Minneapolis MN,Music (Indie Rock/Britpop)
451,Jessie Reyez - Paid In Memories Tour,June 12 2025,6:30 PM,The Fillmore Minneapolis,521 N 5th St Minneapolis MN,Music (R&B/Soul/Pop)
452,SiR: The Step Into The Light Tour,June 15 2025,6:00 PM,The Fillmore Minneapolis,521 N 5th St Minneapolis MN,Music (R&B/Soul)
453,INSANE CLOWN POSSE JUNE 2025 TOUR,June 20 2025,6:00 PM,The Fillmore Minneapolis,521 N 5th St Minneapolis MN,Music (Hip Hop/Horrorcore)
454,Key Glock: GLOCKAVELI Tour,June 22 2025,6:00 PM,The Fillmore Minneapolis,521 N 5th St Minneapolis MN,Music (Hip Hop/Rap)
455,BANKS - OFF WITH HER HEAD TOUR 2025,June 27 2025,7:00 PM,The Fillmore Minneapolis,521 N 5th St Minneapolis MN,Music (Alternative Pop/Electronic)
456,GRRRL SCOUT Pride Stoplight Party - 21+,June 28 2025,9:00 PM,The Fillmore Minneapolis,521 N 5th St Minneapolis MN,Music (DJ/Dance Party - LGBTQ+ Pride)
457,ramy youssef: love beam 7000,July 12 2025,7:00 PM,The Fillmore Minneapolis,521 N 5th St Minneapolis MN,Comedy
458,Hudson Westbrook,July 19 2025,7:00 PM,The Fillmore Minneapolis,521 N 5th St Minneapolis MN,Music (Country)
459,93X The Pit Presents The Warning - Keep Me Fed World Tour 2025,July 23 2025,6:30 PM,The Fillmore Minneapolis,521 N 5th St Minneapolis MN,Music (Rock/Hard Rock)
460,Nur-D,July 25 2025,6:30 PM,The Fillmore Minneapolis,521 N 5th St Minneapolis MN,Music (Hip Hop/Rap - Local)
461,Macy Gray - On How Life Is 25th Anniversary Tour,July 27 2025,Varies,The Fillmore Minneapolis,521 N 5th St Minneapolis MN,Music (Soul/R&B)
462,Dinosaur Jr. + Snail Mail with special guest Easy Action,July 30 2025,Varies,The Fillmore Minneapolis,521 N 5th St Minneapolis MN,Music (Alternative Rock/Indie Rock)
463,The Struts - celebrating 10 year anniversary of Everybody Wants,Aug 8 2025,Varies,The Fillmore Minneapolis,521 N 5th St Minneapolis MN,Music (Rock/Glam Rock)
464,Acid Bath with Windhand Primitive Man,Aug 9 2025,Varies,The Fillmore Minneapolis,521 N 5th St Minneapolis MN,Music (Sludge Metal/Doom Metal)
465,Our Last Night - The Final Tour - 15+,Aug 10 2025,Varies,The Fillmore Minneapolis,521 N 5th St Minneapolis MN,Music (Post-Hardcore/Alternative Rock)
466,Architects with Erra Holywatr,Aug 11 2025,Varies,The Fillmore Minneapolis,521 N 5th St Minneapolis MN,Music (Metalcore)
467,The Fray - How To Save A Life: The 20th Anniversary Tour,Aug 16 2025,Varies,The Fillmore Minneapolis,521 N 5th St Minneapolis MN,Music (Alternative Rock/Pop Rock)
468,Damian "Jr. Gong" Marley & Stephen Marley,Sep 5 2025,Varies,The Fillmore Minneapolis,521 N 5th St Minneapolis MN,Music (Reggae)
469,d4vd - Withered 2025 World Tour,Sep 9 2025,Varies,The Fillmore Minneapolis,521 N 5th St Minneapolis MN,Music (Alternative/Indie Pop)
470,Flatland Cavalry: Flatland Forever(more) Tour - 15+,Sep 11 2025,Varies,The Fillmore Minneapolis,521 N 5th St Minneapolis MN,Music (Country/Americana)
471,Buena Vista Orchestra,Sep 16 2025,Varies,The Fillmore Minneapolis,521 N 5th St Minneapolis MN,Music (Cuban/Latin Jazz)
472,KALEO - Mixed Emotions Tour,Sep 29 2025,Varies,The Fillmore Minneapolis,521 N 5th St Minneapolis MN,Music (Blues Rock/Folk Rock)
473,SEX PISTOLS (Steve Jones Paul Cook Glen Matlock) feat. Frank Carter,Oct 7 2025,Varies,The Fillmore Minneapolis,521 N 5th St Minneapolis MN,Music (Punk Rock)
474,Matt Maltese: Tour For You My Whole Life,Oct 13 2025,Varies,The Fillmore Minneapolis,521 N 5th St Minneapolis MN,Music (Indie Pop/Singer-Songwriter)
475,Kneecap,Oct 20 2025,Varies,The Fillmore Minneapolis,521 N 5th St Minneapolis MN,Music (Irish Hip Hop)
476,The Wombats - Oh! The Ocean Tour,Oct 30 2025,Varies,The Fillmore Minneapolis,521 N 5th St Minneapolis MN,Music (Indie Rock/Alternative Dance)
477,Bladee - Martyr Tour,Nov 10 2025,Varies,The Fillmore Minneapolis,521 N 5th St Minneapolis MN,Music (Cloud Rap/Experimental Pop)
478,Caterwaul Night 1: FACS Eye Flys Pinko Wipes Violenteer Something is Waiting Virga Blacklighter,May 23 2025,7:00 PM - 2:00 AM,Mortimer's Bar,2001 Lyndale Ave S Minneapolis MN,Music Festival (Noise Rock/Post-Punk)
479,The Assortment 10 Year Anniversary Party!,May 24 2025,10:00 PM - 2:00 AM,Mortimer's Bar,2001 Lyndale Ave S Minneapolis MN,Music/DJ Night (Party)
480,MINIMORT,May 25 2025,10:00 PM - 2:00 AM,Mortimer's Bar,2001 Lyndale Ave S Minneapolis MN,Music/DJ Night
481,AUTOTUNE KARAOKE!,Mondays (e.g. May 26),9:00 PM - 2:00 AM,Mortimer's Bar,2001 Lyndale Ave S Minneapolis MN,Karaoke/Entertainment,(Recurring)
482,Mortiholics May residency featuring M.A.Y. week 4!,May 28 2025,8:00 PM - 2:00 AM,Mortimer's Bar,2001 Lyndale Ave S Minneapolis MN,Music (Local Band Residency)
483,DSN Presents: Throw the Sage in the Fire,May 29 2025,10:00 PM - 2:00 AM,Mortimer's Bar,2001 Lyndale Ave S Minneapolis MN,Music (Cultural Showcase/Indigenous Artists)
484,Gothess,May 30 2025,10:00 PM - 2:00 AM,Mortimer's Bar,2001 Lyndale Ave S Minneapolis MN,Music/DJ Night (Goth/Industrial),(Recurring)
485,Jane Hobson w/ Ciao Bello & Chairmen Chair and the Chairmen,May 31 2025,8:00 PM - 12:00 AM,Mortimer's Bar,2001 Lyndale Ave S Minneapolis MN,Music (Indie/Rock - Local)
486,The Drift: A Night of Vinyl,Sundays (e.g. June 1 July 6),10:00 PM - 2:00 AM,Mortimer's Bar,2001 Lyndale Ave S Minneapolis MN,Music/DJ Night (Vinyl),(Recurring)
487,Grooves ft. DJ JEN-E,June 17 2025,10:00 PM - 2:00 AM,Mortimer's Bar,2001 Lyndale Ave S Minneapolis MN,Music/DJ Night
488,The Slow Death,May 27 2025,Varies,Cloudland Theater,3533 East Lake Street Minneapolis MN,Music (Punk Rock)
489,Moontype,May 28 2025,Varies,Cloudland Theater,3533 East Lake Street Minneapolis MN,Music (Indie Rock/Dream Pop)
490,Atomic Lights,June 6 2025,Varies,Cloudland Theater,3533 East Lake Street Minneapolis MN,Music (Punk/Rock)
491,Heavy Lag / TV Cop,June 7 2025,Varies,Cloudland Theater,3533 East Lake Street Minneapolis MN,Music (Punk/Garage Rock)
492,Mary Jam / Doll Chaser,June 20 2025,Varies,Cloudland Theater,3533 East Lake Street Minneapolis MN,Music (Punk/Rock)
493,Scrunchies / Constant Insult,June 21 2025,Varies,Cloudland Theater,3533 East Lake Street Minneapolis MN,Music (Punk Rock/Indie Rock)
494,System Exclusive,June 22 2025,Varies,Cloudland Theater,3533 East Lake Street Minneapolis MN,Music (Synth-Pop/Post-Punk)
495,Music: Juno's Bday,May 23 2025,Varies,Pilllar Forum Cafe & Commodities,2300 Central Ave NE Minneapolis MN,Music (Local/Birthday Show)
496,Music: Eudaemon,May 24 2025,Varies,Pilllar Forum Cafe & Commodities,2300 Central Ave NE Minneapolis MN,Music (Local)
497,DnD Live,May 25 2025,Varies,Pilllar Forum Cafe & Commodities,2300 Central Ave NE Minneapolis MN,Gaming/Performance (Live D&D)
498,Music: Clayton Ryan,May 28 2025,Varies,Pilllar Forum Cafe & Commodities,2300 Central Ave NE Minneapolis MN,Music (Local)
499,Music: Walker Rider,May 29 2025,Varies,Pilllar Forum Cafe & Commodities,2300 Central Ave NE Minneapolis MN,Music (Local)
500,Music: Drillbit,June 3 2025,Varies,Pilllar Forum Cafe & Commodities,2300 Central Ave NE Minneapolis MN,Music (Local)
501,Music: Juliet Farmer,June 5 2025,Varies,Pilllar Forum Cafe & Commodities,2300 Central Ave NE Minneapolis MN,Music (Local)
502,Music: Hairless Twin,June 7 2025,Varies,Pilllar Forum Cafe & Commodities,2300 Central Ave NE Minneapolis MN,Music (Local)
503,Music: Anything You Want,June 12 2025,Varies,Pilllar Forum Cafe & Commodities,2300 Central Ave NE Minneapolis MN,Music (Local)
504,Music: C.U. Next Tuesday,June 13 2025,Varies,Pilllar Forum Cafe & Commodities,2300 Central Ave NE Minneapolis MN,Music (Local/DJ Night)
505,Music: Mellow Harsher,June 14 2025,Varies,Pilllar Forum Cafe & Commodities,2300 Central Ave NE Minneapolis MN,Music (Local)
506,Music: The Daily Norm,June 17 2025,Varies,Pilllar Forum Cafe & Commodities,2300 Central Ave NE Minneapolis MN,Music (Local)
507,Awakebutstillinbed For Your Health Hey Ily,July 3 2025,Varies,Pilllar Forum Cafe & Commodities,2300 Central Ave NE Minneapolis MN,Music (Emo/Screamo/Indie)
508,Flummox,July 11 2025,7:00 PM,Pilllar Forum Cafe & Commodities,2300 Central Ave NE Minneapolis MN,Music (Progressive Metal/Experimental)
509,Miracle Blood Baumgardner Small Animal Hospital Strange Frequency (MN),July 18 2025,Varies,Pilllar Forum Cafe & Commodities,2300 Central Ave NE Minneapolis MN,Music (Rock/Alternative - Local Showcase)
510,Early Evening Jazz: Matt Blair Trio,May 23 2025,4:30 PM - 6:30 PM,Berlin MPLS,204 N 1st St Minneapolis MN,Music (Jazz),(No Cover)
511,Late Night Lounge: JEN-E,May 23 2025,10:30 PM - 12:30 AM,Berlin MPLS,204 N 1st St Minneapolis MN,Music (DJ/Dance),(No Cover)
512,Early Evening Jazz: Charlie Bruber & Jack Barrett,May 24 2025,4:30 PM - 6:30 PM,Berlin MPLS,204 N 1st St Minneapolis MN,Music (Jazz),(No Cover)
513,Late Night Lounge: Radio Pocho (Miguel Vargas & Terrell LaMarr),May 24 2025,10:30 PM - 12:30 AM,Berlin MPLS,204 N 1st St Minneapolis MN,Music (DJ/Dance/Latin),(No Cover)
514,Imagined by Nelson Devereaux: Caley Conway & The Music of Nelson Devereaux,May 25 2025,7:00 PM - 10:00 PM,Berlin MPLS,204 N 1st St Minneapolis MN,Music (Indie/Jazz)
515,The Cherry Pit Presents: Bible Study at Berlin (feat. Kevin Gamble Quartet),May 28 2025,7:00 PM - 11:00 PM,Berlin MPLS,204 N 1st St Minneapolis MN,Music (Jazz)
516,Early Evening Jazz: Cornbread Harris & Friends,May 29 2025,4:30 PM - 6:30 PM,Berlin MPLS,204 N 1st St Minneapolis MN,Music (Jazz/Blues),(No Cover)
517,String Showcase: Artaria Quartet & ERNEST BISONG Group,May 29 2025,7:30 PM - 10:00 PM,Berlin MPLS,204 N 1st St Minneapolis MN,Music (Classical/Jazz)
518,Early Evening Jazz: WPK Trio,May 30 2025,4:30 PM - 6:30 PM,Berlin MPLS,204 N 1st St Minneapolis MN,Music (Jazz),(No Cover)
519,Late Night Lounge: DJ Wicked,May 30 2025,10:30 PM - 12:30 AM,Berlin MPLS,204 N 1st St Minneapolis MN,Music (DJ/Dance),(No Cover)
520,Early Evening Jazz (Artist TBA),May 31 2025,4:30 PM - 6:30 PM,Berlin MPLS,204 N 1st St Minneapolis MN,Music (Jazz),(No Cover)
521,Late Night Lounge: Jam E.Z.,May 31 2025,10:30 PM - 12:30 AM,Berlin MPLS,204 N 1st St Minneapolis MN,Music (DJ/Dance),(No Cover)
522,Sundays With Nona (feat. Isa Gagarin & Walt McClements),June 1 2025,7:00 PM - 10:00 PM,Berlin MPLS,204 N 1st St Minneapolis MN,Music (Ambient/Experimental)
523,Berlin Open Jam,June 4 2025,7:00 PM,Berlin MPLS,204 N 1st St Minneapolis MN,Music (Jam Session),(Pay What You Can)
524,Matthew Mallinger & IE (Album Release),June 5 2025,7:30 PM (Show),Berlin MPLS,204 N 1st St Minneapolis MN,Music (Experimental/Electronic - Album Release)
525,Atlas Tango Project,June 6 2025,7:30 PM - 10:00 PM,Berlin MPLS,204 N 1st St Minneapolis MN,Music (Tango)
526,Late Night Lounge: DJ Blue Funk,June 12 2025,10:00 PM - 12:30 AM,Berlin MPLS,204 N 1st St Minneapolis MN,Music (DJ/Funk),(No Cover)
527,Nathan Hanson's Rope Ladder,June 12 2025,7:00 PM - 9:30 PM,Berlin MPLS,204 N 1st St Minneapolis MN,Music (Jazz/Contemporary Classical)
528,Sundays With Nona (feat. Enhancement & Dungeon Synth Sunday Crew),June 15 2025,7:00 PM - 10:00 PM,Berlin MPLS,204 N 1st St Minneapolis MN,Music (Electronic/Synth)
529,Blue Tuesday,June 17 2025,6:00 PM,Berlin MPLS,204 N 1st St Minneapolis MN,Music/Social Event (Blues likely)
530,Late Night Lounge: Berlin Staff Takeover,June 19 2025,10:00 PM - 12:30 AM,Berlin MPLS,204 N 1st St Minneapolis MN,Music (DJ/Dance),(No Cover)
531,Damon Locks: List of Demands,June 21 2025,8:00 PM - 9:00 PM,Berlin MPLS,204 N 1st St Minneapolis MN,Music (Experimental/Jazz/Electronic)
532,Sundays With Nona (feat. Silversmith - "Beautiful" Release),June 22 2025,7:00 PM - 10:00 PM,Berlin MPLS,204 N 1st St Minneapolis MN,Music (Pop Noir - Album Release)
533,The Cherry Pit Presents: Bible Study at Berlin,June 25 2025,Varies,Berlin MPLS,204 N 1st St Minneapolis MN,Music (Jazz)
534,HEYARLO: Shifting Forms (Trio) - Residency Part 1,June 26 2025,7:30 PM - 10:00 PM,Berlin MPLS,204 N 1st St Minneapolis MN,Music (Experimental/Jazz)
535,David Feily,June 27 2025,7:30 PM & 9:30 PM,Berlin MPLS,204 N 1st St Minneapolis MN,Music (Jazz/Various)
536,Alyssa Allgood Quartet,July 5 2025,7:30 PM - 10:00 PM,Berlin MPLS,204 N 1st St Minneapolis MN,Music (Jazz)
537,Gifted Handz,July 10 2025,7:00 PM - 9:30 PM,Berlin MPLS,204 N 1st St Minneapolis MN,Music (Gospel/Fusion)
538,Rob Clearfield: Voice in the Wilderness (Album Release),July 12 2025,7:30 PM - 10:00 PM,Berlin MPLS,204 N 1st St Minneapolis MN,Music (Jazz/Contemporary Classical - Album Release)
539,HEYARLO: Shifting Forms (Trio) - Residency Part 2,July 31 2025,7:30 PM - 10:00 PM,Berlin MPLS,204 N 1st St Minneapolis MN,Music (Experimental/Jazz)
540,HEYARLO: Shifting Forms (EP Release) - Residency Part 3,Aug 28 2025,7:30 PM - 10:00 PM,Berlin MPLS,204 N 1st St Minneapolis MN,Music (Experimental/Jazz - EP Release)
541,Straight No Chaser: An Evening of Thelonious Monk,Aug 29 2025,7:30 PM - 10:00 PM,Berlin MPLS,204 N 1st St Minneapolis MN,Music (Jazz - Tribute)
542,Oceano - Farewell Tour,May 23 2025,6:00 PM,Underground Music Venue / Cafe,408 Third Ave N Minneapolis MN,Music (Deathcore/Metal),All Ages
543,Dallas Ugly and Molly Brandt,May 28 2025,7:00 PM,Underground Music Venue / Cafe,408 Third Ave N Minneapolis MN,Music (Indie Folk/Country),(Cafe Stage)
544,Lasalle Sounds Yuh-huh Go & Friends!,May 29 2025,6:00 PM,Underground Music Venue / Cafe,408 Third Ave N Minneapolis MN,Music (Local Showcase),(Cafe Stage)
545,Suns Out Tums Out 2,May 30 2025,5:00 PM,Underground Music Venue / Cafe,408 Third Ave N Minneapolis MN,Music (Local Showcase/Party),(Cafe Stage)
546,Beers with Bands Fest II,May 31 2025,12:00 PM,Underground Music Venue / Cafe,408 Third Ave N Minneapolis MN,Music Festival (Local Bands/Rock/Punk),(Event Space) All Ages
547,Enemy of Fate: The Villain Era Tour 2025,June 3 2025,6:30 PM,Underground Music Venue / Cafe,408 Third Ave N Minneapolis MN,Music (Metalcore/Rock),(Cafe Stage)
548,Rotundos (CHI) Quail & Serpents of Serenity,June 5 2025,7:00 PM,Underground Music Venue / Cafe,408 Third Ave N Minneapolis MN,Music (Rock/Indie),(Cafe Stage)
549,Soulkeeper Rx Cowboy Popstar & The Motion Mosaic,June 6 2025,6:00 PM,Underground Music Venue / Cafe,408 Third Ave N Minneapolis MN,Music (Metalcore/Rock),(Event Space)
550,Lakeside Effects Ghostlands & M.A.Y.,June 6 2025,7:00 PM,Underground Music Venue / Cafe,408 Third Ave N Minneapolis MN,Music (Local Showcase/Indie),(Cafe Stage)
551,Johnny Manchild and The Poor Bastards // Fake Shark,June 7 2025,7:00 PM,Underground Music Venue / Cafe,408 Third Ave N Minneapolis MN,Music (Alternative Rock/Indie),(Cafe Stage)
552,Anna Devine Hyer sandalwood (LA) & Macy Moose (LA),June 9 2025,7:00 PM,Underground Music Venue / Cafe,408 Third Ave N Minneapolis MN,Music (Indie/Folk),(Cafe Stage)
553,Pelicant Lenwood Jeff Goldsmith,June 12 2025,7:00 PM,Underground Music Venue / Cafe,408 Third Ave N Minneapolis MN,Music (Local Showcase/Indie),(Cafe Stage)
554,Brother Buffalo (AK) & Friends,June 13 2025,7:00 PM,Underground Music Venue / Cafe,408 Third Ave N Minneapolis MN,Music (Folk/Rock),(Cafe Stage)
555,Yotuma Decedent Viceral Reaction Mortura,June 22 2025,7:00 PM,Underground Music Venue / Cafe,408 Third Ave N Minneapolis MN,Music (Metal/Death Metal),(Cafe Stage)
556,Van Isaacson Molly Brandt Jane O'Neill,June 23 2025,7:00 PM,Underground Music Venue / Cafe,408 Third Ave N Minneapolis MN,Music (Folk/Singer-Songwriter - Local),(Cafe Stage)
557,Jet Fuel Soda (PA) New Confusion + More,June 24 2025,7:00 PM,Underground Music Venue / Cafe,408 Third Ave N Minneapolis MN,Music (Rock/Indie),(Cafe Stage)
558,Cal in Red (MI) Canary Room and Loon Booster,June 25 2025,7:00 PM,Underground Music Venue / Cafe,408 Third Ave N Minneapolis MN,Music (Indie Pop/Rock),(Cafe Stage)
559,Octaver Trusion & WRIF,June 27 2025,7:00 PM,Underground Music Venue / Cafe,408 Third Ave N Minneapolis MN,Music (Metal/Rock),(Cafe Stage)
560,The GOLD DINAR,July 2 2025,7:00 PM,Underground Music Venue / Cafe,408 Third Ave N Minneapolis MN,Music,(Cafe Stage)
561,Year of the Cobra (WA),July 9 2025,7:00 PM,Underground Music Venue / Cafe,408 Third Ave N Minneapolis MN,Music (Doom Metal/Stoner Rock),(Cafe Stage)
562,Leila's Rose (NE) & Friends,July 12 2025,7:00 PM,Underground Music Venue / Cafe,408 Third Ave N Minneapolis MN,Music (Indie/Rock),(Cafe Stage)
563,Hans Halstead J'Mere. YG Solo Rawtwhylah,July 16 2025,7:00 PM,Underground Music Venue / Cafe,408 Third Ave N Minneapolis MN,Music (Hip Hop/R&B - Local),(Cafe Stage)
564,SIFYN Odds of an Afterthought + More!,July 18 2025,6:30 PM,Underground Music Venue / Cafe,408 Third Ave N Minneapolis MN,Music (Rock/Alternative),(Cafe Stage)
565,Corsair Lapse of Fate The Lamellas,July 19 2025,7:00 PM,Underground Music Venue / Cafe,408 Third Ave N Minneapolis MN,Music (Metal/Rock),(Cafe Stage)
566,FRND CRCL,Aug 23 2025,Varies,Underground Music Venue / Cafe,408 Third Ave N Minneapolis MN,Music (Pop Punk/Alternative Rock)
567,Caterwaul Night 1: FACS Eye Flys Pinko Wipes Violenteer Something is Waiting Virga Blacklighter,May 23 2025,7:00 PM - 2:00 AM,Mortimer's Bar,2001 Lyndale Ave S Minneapolis MN,Music Festival (Noise Rock/Post-Punk)
568,The Assortment 10 Year Anniversary Party!,May 24 2025,10:00 PM - 2:00 AM,Mortimer's Bar,2001 Lyndale Ave S Minneapolis MN,Music/DJ Night (Party)
569,MINIMORT,May 25 2025,10:00 PM - 2:00 AM,Mortimer's Bar,2001 Lyndale Ave S Minneapolis MN,Music/DJ Night
570,AUTOTUNE KARAOKE!,Mondays (e.g. May 26),9:00 PM - 2:00 AM,Mortimer's Bar,2001 Lyndale Ave S Minneapolis MN,Karaoke/Entertainment,(Recurring)
571,Mortiholics May residency featuring M.A.Y. week 4!,May 28 2025,8:00 PM - 2:00 AM,Mortimer's Bar,2001 Lyndale Ave S Minneapolis MN,Music (Local Band Residency)
572,DSN Presents: Throw the Sage in the Fire,May 29 2025,10:00 PM - 2:00 AM,Mortimer's Bar,2001 Lyndale Ave S Minneapolis MN,Music (Cultural Showcase/Indigenous Artists)
573,Gothess,May 30 2025,10:00 PM - 2:00 AM,Mortimer's Bar,2001 Lyndale Ave S Minneapolis MN,Music/DJ Night (Goth/Industrial),(Recurring)
574,Jane Hobson w/ Ciao Bello & Chairmen Chair and the Chairmen,May 31 2025,8:00 PM - 12:00 AM,Mortimer's Bar,2001 Lyndale Ave S Minneapolis MN,Music (Indie/Rock - Local)
575,The Drift: A Night of Vinyl,Sundays (e.g. June 1 July 6),10:00 PM - 2:00 AM,Mortimer's Bar,2001 Lyndale Ave S Minneapolis MN,Music/DJ Night (Vinyl),(Recurring)
576,Grooves ft. DJ JEN-E,June 17 2025,10:00 PM - 2:00 AM,Mortimer's Bar,2001 Lyndale Ave S Minneapolis MN,Music/DJ Night
577,The Slow Death,May 27 2025,Varies,Cloudland Theater,3533 East Lake Street Minneapolis MN,Music (Punk Rock)
578,Moontype,May 28 2025,Varies,Cloudland Theater,3533 East Lake Street Minneapolis MN,Music (Indie Rock/Dream Pop)
579,Atomic Lights,June 6 2025,Varies,Cloudland Theater,3533 East Lake Street Minneapolis MN,Music (Punk/Rock)
580,Heavy Lag / TV Cop,June 7 2025,Varies,Cloudland Theater,3533 East Lake Street Minneapolis MN,Music (Punk/Garage Rock)
581,Mary Jam / Doll Chaser,June 20 2025,Varies,Cloudland Theater,3533 East Lake Street Minneapolis MN,Music (Punk/Rock)
582,Scrunchies / Constant Insult,June 21 2025,Varies,Cloudland Theater,3533 East Lake Street Minneapolis MN,Music (Punk Rock/Indie Rock)
583,System Exclusive,June 22 2025,Varies,Cloudland Theater,3533 East Lake Street Minneapolis MN,Music (Synth-Pop/Post-Punk)
584,Music: Juno's Bday,May 23 2025,Varies,Pilllar Forum Cafe & Commodities,2300 Central Ave NE Minneapolis MN,Music (Local/Birthday Show)
585,Music: Eudaemon,May 24 2025,Varies,Pilllar Forum Cafe & Commodities,2300 Central Ave NE Minneapolis MN,Music (Local)
586,DnD Live,May 25 2025,Varies,Pilllar Forum Cafe & Commodities,2300 Central Ave NE Minneapolis MN,Gaming/Performance (Live D&D)
587,Music: Clayton Ryan,May 28 2025,Varies,Pilllar Forum Cafe & Commodities,2300 Central Ave NE Minneapolis MN,Music (Local)
588,Music: Walker Rider,May 29 2025,Varies,Pilllar Forum Cafe & Commodities,2300 Central Ave NE Minneapolis MN,Music (Local)
589,Music: Drillbit,June 3 2025,Varies,Pilllar Forum Cafe & Commodities,2300 Central Ave NE Minneapolis MN,Music (Local)
590,Music: Juliet Farmer,June 5 2025,Varies,Pilllar Forum Cafe & Commodities,2300 Central Ave NE Minneapolis MN,Music (Local)
591,Music: Hairless Twin,June 7 2025,Varies,Pilllar Forum Cafe & Commodities,2300 Central Ave NE Minneapolis MN,Music (Local)
592,Music: Anything You Want,June 12 2025,Varies,Pilllar Forum Cafe & Commodities,2300 Central Ave NE Minneapolis MN,Music (Local)
593,Music: C.U. Next Tuesday,June 13 2025,Varies,Pilllar Forum Cafe & Commodities,2300 Central Ave NE Minneapolis MN,Music (Local/DJ Night)
594,Music: Mellow Harsher,June 14 2025,Varies,Pilllar Forum Cafe & Commodities,2300 Central Ave NE Minneapolis MN,Music (Local)
595,Music: The Daily Norm,June 17 2025,Varies,Pilllar Forum Cafe & Commodities,2300 Central Ave NE Minneapolis MN,Music (Local)
596,Awakebutstillinbed For Your Health Hey Ily,July 3 2025,Varies,Pilllar Forum Cafe & Commodities,2300 Central Ave NE Minneapolis MN,Music (Emo/Screamo/Indie)
597,Flummox,July 11 2025,7:00 PM,Pilllar Forum Cafe & Commodities,2300 Central Ave NE Minneapolis MN,Music (Progressive Metal/Experimental)
598,Miracle Blood Baumgardner Small Animal Hospital Strange Frequency (MN),July 18 2025,Varies,Pilllar Forum Cafe & Commodities,2300 Central Ave NE Minneapolis MN,Music (Rock/Alternative - Local Showcase)
599,The Garcia Project: 2 Nights 2 Eras,May 23 2025,8:00 PM,Granada Theater,3022 Hennepin Ave S Minneapolis MN,Music (Tribute - Grateful Dead/Jerry Garcia)
600,The Garcia Project: Saturday Night Only,May 24 2025,8:00 PM,Granada Theater,3022 Hennepin Ave S Minneapolis MN,Music (Tribute - Grateful Dead/Jerry Garcia)
601,Nicholas David (with Vic Volare Terry Walsh),May 25 2025,Varies,Granada Theater,3022 Hennepin Ave S Minneapolis MN,Music (Soul/R&B - Local)
602,Ryan Cabrera (Twin Cities Pride Stronger Together Benefit Concert and Dance Party),May 30 2025,9:00 PM,Granada Theater,3022 Hennepin Ave S Minneapolis MN,Music (Pop/Rock - Benefit/Dance Party - LGBTQ+ Pride)
603,Not That Innocent 2000's Dance Party,June 6 2025,9:00 PM,Granada Theater,3022 Hennepin Ave S Minneapolis MN,Music (DJ/Dance Party - 2000s Themed)
604,pfoser's pfiftieth pfest (KARMA SLUTS PEAL Devil's Kettle),June 7 2025,7:00 PM,Granada Theater,3022 Hennepin Ave S Minneapolis MN,Music (Rock - Local/Party)
605,Co-MingL Presents: The Heat,June 15 2025,7:30 PM,Granada Theater,3022 Hennepin Ave S Minneapolis MN,Music/Social Event
606,Uptown Follies PRIDE celebration!,June 27 2025,7:30 PM,Granada Theater,3022 Hennepin Ave S Minneapolis MN,Performance/Drag (LGBTQ+ Pride Event)
607,United: Miyuki,June 28 2025,9:00 PM,Granada Theater,3022 Hennepin Ave S Minneapolis MN,Music (DJ/Electronic)
608,82MAJOR TOUR in Minneapolis,July 3 2025,7:00 PM,Granada Theater,3022 Hennepin Ave S Minneapolis MN,Music (K-Pop)
609,BINGO LOCO MINNEAPOLIS,July 12 2025,5:30 PM,Granada Theater,3022 Hennepin Ave S Minneapolis MN,Entertainment/Rave/Bingo
610,Bug Hunter and The Narcissist Cookbook (with Jam Mechanics),July 17 2025,6:30 PM / 7:00 PM,Granada Theater,3022 Hennepin Ave S Minneapolis MN,Music (Indie Folk/Alternative)
611,Live Laugh Love Tour Unplugged (Scotty Austin Peter Dante Aaron Nordstrom Drew Cagle),Nov 6 2025,8:00 PM,Granada Theater,3022 Hennepin Ave S Minneapolis MN,Music (Rock/Acoustic)
612,Baseball Pregame at The Green,May 23 2025,5:30 PM - 7:00 PM,North Loop Green,328 N 4th St / 350 N 5th St Minneapolis MN,Community Event/Social
613,Baseball Postgame at The Green,May 24 2025,4:00 PM,North Loop Green,328 N 4th St / 350 N 5th St Minneapolis MN,Community Event/Social
614,Trivia Night at North Loop Green,May 27 2025,5:30 PM - 7:15 PM,North Loop Green,328 N 4th St / 350 N 5th St Minneapolis MN,Social Event/Game Night,(Likely Recurring)
615,Movie Night: Twisters at North Loop Green,May 29 2025,7:00 PM,North Loop Green,328 N 4th St / 350 N 5th St Minneapolis MN,Film Screening (Outdoor)
616,North Loop Green Block Party,June 8 2025,12:00 PM - 5:00 PM,North Loop Green,328 N 4th St / 350 N 5th St Minneapolis MN,Community Event/Festival
617,Twin Cities Vintage Flea by Totally Rad Vintage Fest,June 21 2025,10:00 AM - 3:00 PM,North Loop Green,328 N 4th St / 350 N 5th St Minneapolis MN,Market/Community Event,(Monthly: 3rd Sat May-Sep)
618,Twin Cities Vintage Flea by Totally Rad Vintage Fest,July 19 2025,10:00 AM - 3:00 PM,North Loop Green,328 N 4th St / 350 N 5th St Minneapolis MN,Market/Community Event,(Monthly: 3rd Sat May-Sep)
619,Twin Cities Vintage Flea by Totally Rad Vintage Fest,Aug 16 2025,10:00 AM - 3:00 PM,North Loop Green,328 N 4th St / 350 N 5th St Minneapolis MN,Market/Community Event,(Monthly: 3rd Sat May-Sep)
620,Twin Cities Vintage Flea by Totally Rad Vintage Fest,Sep 20 2025,10:00 AM - 3:00 PM,North Loop Green,328 N 4th St / 350 N 5th St Minneapolis MN,Market/Community Event,(Monthly: 3rd Sat May-Sep)
621,International Reggae Allstars,Tuesdays (e.g. May 27),9:30 PM - 1:00 AM,Bunkers Music Bar & Grill,761 N Washington Ave Minneapolis MN,Music (Reggae - Local Residency)
622,Twine,Wednesdays (e.g. May 28),9:30 PM - 1:00 AM,Bunkers Music Bar & Grill,761 N Washington Ave Minneapolis MN,Music (Local Residency)
623,Jay Bee & the Routine,Thursdays (e.g. May 29),9:30 PM - 1:00 AM,Bunkers Music Bar & Grill,761 N Washington Ave Minneapolis MN,Music (Local Residency)
624,The Belfast Cowboys (Music of Van Morrison),May 23 2025,9:30 PM - 1:00 AM,Bunkers Music Bar & Grill,761 N Washington Ave Minneapolis MN,Music (Tribute/Rock - Local)
625,The Here Afters / Members of Frogleg and Nicholas David,May 24 2025,9:30 PM - 1:00 AM,Bunkers Music Bar & Grill,761 N Washington Ave Minneapolis MN,Music (Jam Rock/Funk - Local)
626,Dr. Mambo's Combo,Sundays (e.g. May 25),9:30 PM - 1:00 AM,Bunkers Music Bar & Grill,761 N Washington Ave Minneapolis MN,Music (Funk/R&B - Local Residency)
627,Some Shitty Cover Band,May 30 2025,9:30 PM - 1:00 AM,Bunkers Music Bar & Grill,761 N Washington Ave Minneapolis MN,Music (Cover Band/Rock - Local)
628,Mikel Wright & the Wrong,May 31 2025,9:30 PM - 1:00 AM,Bunkers Music Bar & Grill,761 N Washington Ave Minneapolis MN,Music (R&B/Rock - Local)
629,The Good The Bad & The Funky,July 19 Aug 15 Sep 19 Oct 18 Nov 22 Dec 20 2025,9:30 PM - 1:00 AM,Bunkers Music Bar & Grill,761 N Washington Ave Minneapolis MN,Music (Funk/R&B - Local),(Recurring)
630,Shoeless Revolution,Aug 8 Oct 24 Dec 27 2025,9:30 PM,Bunkers Music Bar & Grill,761 N Washington Ave Minneapolis MN,Music (Rock/Funk - Local),(Recurring)
631,Dueling Pianos Night with Sweet Keys,Fridays (e.g. June 13 July 11 Aug 15),7:00 PM - 10:00 PM,Umbra Minneapolis (Canopy Hotel),708 S 3rd St Minneapolis MN,Music (Live Dueling Pianos),(Recurring)
632,THE WEEKND PRE PARTY AT UMBRA MINNEAPOLIS,June 14 2025,3:00 PM - 7:00 PM,Umbra Minneapolis (Canopy Hotel),708 S 3rd St Minneapolis MN,Music/DJ Party (Concert Pre-Party)
633,Devine Collection at Umbra,July 19 2025,7:00 PM - 10:00 PM,Umbra Minneapolis (Canopy Hotel),708 S 3rd St Minneapolis MN,Music (Live Band)
634,The World Is Burning So I Made Smores (Brave New Workshop),May 23 - May 24 2025,7:30 PM,Dudley Riggs Theatre,824 Hennepin Ave Minneapolis MN,Comedy/Theater (Sketch/Improv Revue),(Continuing run)
635,Battle Of The Improv All-stars (Brave New Workshop),Fridays & Saturdays (June - Aug+),7:30 PM,Dudley Riggs Theatre,824 Hennepin Ave Minneapolis MN,Comedy (Improv),(Recurring)
636,Caroline Baniewicz: Homeschooled Freak,June 19 2025,8:00 PM,Dudley Riggs Theatre,824 Hennepin Ave Minneapolis MN,Comedy (Stand-Up)
637,Counterpoint: 2025 BFA Thesis Exhibition,May 23 - May 24 2025,11:00 AM - 5:00 PM,Katherine E. Nash Gallery (U of M),405 21st Ave S Minneapolis MN,Art Exhibition (Student Work),(Concluding run)
638,El Vaivén: 21st Century Art of Puerto Rico and Its Diaspora,Sep 9 - Dec 6 2025,11:00 AM - 5:00 PM (Tue-Sat),Katherine E. Nash Gallery (U of M),405 21st Ave S Minneapolis MN,Art Exhibition (Contemporary Art/Cultural)
639,El Vaivén - Opening Lecture & Reception,Sep 2025 (Date TBD),Varies,Katherine E. Nash Gallery (U of M),405 21st Ave S Minneapolis MN,Art Event (Lecture/Reception)
640,El Vaivén - Bomba Drum & Dance Performance,Sep-Dec 2025 (Date TBD),Varies,Katherine E. Nash Gallery (U of M),405 21st Ave S Minneapolis MN,Performance (Cultural/Dance/Music)
641,El Vaivén - Artist Panel Discussion,Sep-Dec 2025 (Date TBD),Varies,Katherine E. Nash Gallery (U of M),405 21st Ave S Minneapolis MN,Art Event (Panel Discussion)
642,SFI Annual Conference,May 20 - May 23 2025,Varies,Renaissance Minneapolis Hotel The Depot,Minneapolis MN,Conference (Agriculture & Forestry)
643,CIOminneapolis,May 22 - May 23 2025,Varies,Minneapolis MN (Venue TBD),Minneapolis MN,Conference (Banking & Finance IT & Technology)
644,The Oddities & Curiosities Expo,May 24 - May 25 2025,Varies,Minneapolis Convention Center,1301 2nd Ave S Minneapolis MN,Expo/Convention (Alternative/Arts & Crafts)
645,2025 Star Wars: Unlimited Regional Qualifier,May 24 - May 25 2025,Varies,Minneapolis Convention Center,1301 2nd Ave S Minneapolis MN,Gaming Convention/Tournament
646,2025 National Community Schools & Family Engagement Conference,May 28 - May 30 2025,Varies,Minneapolis Convention Center,1301 2nd Ave S Minneapolis MN,Conference (Education & Community)
647,DigiMarCon North,May 29 - May 30 2025,Varies,Hyatt Regency Minneapolis,1300 Nicollet Mall Minneapolis MN,Conference (Business Services/Marketing)
648,TECHSPO Twin Cities,May 29 - May 30 2025,Varies,Hyatt Regency Minneapolis,1300 Nicollet Mall Minneapolis MN,Expo/Conference (IT & Technology)
649,Sportscard & Sports Collectible Show,May 31 2025,Varies,Bloomington Armory,Bloomington MN,Trade Show/Expo (Collectibles/Sports)
650,Minnesota GrillFest And Exhibition,May 31 - June 1 2025,Varies,CHS Field,St. Paul MN,Festival/Expo (Food & Beverages)
651,M-Pro Summer Trade Show,June 2 - June 4 2025,Varies,Saint Paul RiverCentre,St. Paul MN,Trade Show (Entertainment & Media)
652,IDEA's Annual Conference & Trade Show,June 2 - June 5 2025,Varies,Hyatt Regency Minneapolis,1300 Nicollet Mall Minneapolis MN,Conference/Trade Show (Power & Energy)
653,2025 Import Expo,June 7 2025,Varies,Minneapolis Convention Center,1301 2nd Ave S Minneapolis MN,Expo (Automotive/Lifestyle)
654,AcademyHealth 2025 Annual Research Meeting,June 7 - June 10 2025,Varies,Minneapolis Convention Center,1301 2nd Ave S Minneapolis MN,Conference (Medical & Pharma/Research)
655,Narrativity 2025,June 26 - June 29 2025,Varies,Crowne Plaza Minneapolis West,Plymouth MN,Convention (Literary/Gaming/Media)
656,CONvergence 2025,July 3 - July 6 2025,Varies,Hyatt Regency Minneapolis,1300 Nicollet Mall Minneapolis MN,Convention (Sci-Fi/Fantasy/Gaming)
657,The Uncanny Experience 2025,July 12 - July 13 2025,Varies,Minneapolis Club,Minneapolis MN,Convention (Comics/Pop Culture)
658,2D Con 2025,Aug 22 - Aug 24 2025,Varies,DoubleTree by Hilton Hotel Bloomington,Bloomington MN,Convention (Gaming)
659,Philefest 2025,Aug 29 - Aug 31 2025,Varies,Heritage Center of Brooklyn Center,Brooklyn Center MN,Convention (Pop Culture/TV Show)
660,Furry Migration 2025,Sep 5 - Sep 7 2025,Varies,Hyatt Regency Minneapolis,1300 Nicollet Mall Minneapolis MN,Convention (Fandom/Furry)
661,Crypticon Minneapolis 2025,Sep 12 - Sep 14 2025,Varies,Crowne Plaza Minneapolis West,Plymouth MN,Convention (Horror/Pop Culture)
662,Anime Wonder Minnesota 2025,Sep 20 - Sep 21 2025,Varies,Minnesota State Fairgrounds,St. Paul MN,Convention (Anime/Pop Culture)
663,Anime Fusion 2025,Oct 17 - Oct 19 2025,Varies,Crowne Plaza Minneapolis West,Plymouth MN,Convention (Anime/Pop Culture)
664,Twin Cities Con 2025,Nov 7 - Nov 9 2025,Varies,Minneapolis Convention Center,1301 2nd Ave S Minneapolis MN,Convention (Comics/Pop Culture)
665,Akeome Con 2025,Dec 26 - Dec 28 2025,Varies,Sheraton Minneapolis West Hotel,Minnetonka MN,Convention (Anime/Pop Culture)
666,Twin Cities Pride Festival,June 28 - June 29 2025,Varies,Loring Park,Minneapolis MN,LGBTQ+ Pride Festival
667,Golden Valley Pride Festival 2025,June 7 2025,12:00 PM - 6:00 PM,Brookview Park,Golden Valley MN,LGBTQ+ Pride Festival
668,Hastings Pride Festival,June 14 2025,10:00 AM - 5:00 PM,Levee Park,Hastings MN,LGBTQ+ Pride Festival,(Includes Pet Parade)
669,Chisago Lakes Family Pride,June 21 2025,9:00 AM - 1:00 PM,Chisago Lakes Middle School grounds,Lindstrom MN,LGBTQ+ Pride Festival/Family Event,(Run/Walk & Vendor Fair)
670,WSP Pride in the Park,July 12 2025,11:00 AM - 4:00 PM,West Saint Paul Sports Complex,West St. Paul MN,LGBTQ+ Pride Festival
671,Pride of McLeod County Picnic,Aug 16 2025,10:00 AM - 5:00 PM,Riverside Jaycee Park,Hutchinson MN,LGBTQ+ Pride Picnic
672,MN POC Pride Family Day in the Park,Aug 17 2025,Varies,Minneapolis MN (Park TBD),Minneapolis MN,LGBTQ+ Pride Festival (POC Focused)
673,South Central Minnesota Pridefest,Sep 6 2025 (Festival Day),Varies,Mankato MN (Various locations),Mankato MN,LGBTQ+ Pride Festival,(Events Sep 4-7)
674,Burnsville Pride Festival,Sep 13 2025,10:00 AM - 4:00 PM,Nicollet Commons Park,Burnsville MN,LGBTQ+ Pride Festival
675,St. Cloud Pride in the Park,Sep 20 2025,11:00 AM - 5:00 PM,St. Cloud MN (Park TBD),St. Cloud MN,LGBTQ+ Pride Festival
676,Eat. Screen. Skate.,May 28 2025,5:00 PM - 10:00 PM,Queermunity MN,Minneapolis MN,Community/Social/Recreation (LGBTQ+)
677,Drag Me to the Swamp: PRIDE Brunch,June 1 2025,9:00 AM - 1:00 PM,Queermunity MN,Minneapolis MN,Drag Brunch/LGBTQ+ Pride
678,Spectrum Cinema: Art & Pep (2022),June 12 2025,5:00 PM - 8:00 PM,Queermunity MN,Minneapolis MN,Film Screening/Community (LGBTQ+)
679,Candlelight Ghost Tour (Minneapolis Trolley Tours),Saturdays (Ongoing),Evening,300 Clifton Mansion (Start/End),Minneapolis MN,Ghost Tour
680,Twin City Ghosts Tour By US Ghost Adventures,Ongoing (Check schedule),Evening,St. Paul Historic District,St. Paul MN,Ghost Tour
681,Preserve Minneapolis: Art Deco Walking Tour,May (e.g. May 19 6PM),Varies,Downtown Minneapolis,Minneapolis MN,City Tour/Historical Tour
682,Preserve Minneapolis: Craftsman Bungalow Walking Tour,May 31 2025,10:00 AM - 11:30 AM,South Minneapolis,Minneapolis MN,City Tour/Historical Tour
683,Complete Minneapolis Walking Tour,May - Aug 2025 (Ongoing),Varies,Guthrie Theater (Start),Minneapolis MN,City Tour
684,Saint Paul Gangster Tour,Ongoing,Varies,215 Wabasha St S (Start),St. Paul MN,Historical Tour/Crime Tour
685,In the Footsteps of Prince: A Self-Guided Audio Tour,Ongoing,Self-paced,Mary Tyler Moore Statue (Start),Minneapolis MN,Self-Guided Tour/Music History
686,Minnehaha Falls: A Self-Guided Audio Tour,Ongoing,Self-paced,Godfrey Parkway (Start),Minneapolis MN,Self-Guided Tour/Nature Tour
687,Minneapolis Scavenger Hunt: Around Downtown (Let's Roam),Ongoing,Self-paced,Downtown Minneapolis,Minneapolis MN,Scavenger Hunt/City Tour
688,Taste Twin Cities Food Tours,Ongoing (7 days/week),Varies,Various Neighborhoods,Minneapolis & St. Paul,Food Tour/Winery Tour
689,Twin Cities Food Tours (Savor and Stroll),Ongoing (Multiple weekly),Varies,Various Neighborhoods,Minneapolis & St. Paul,Food Tour/Cultural Tour
690,All-Inclusive Minneapolis Craft Brewery Tour,May - Aug 2025 (Ongoing),Varies,The Royal Sonesta Minneapolis Downtown (Start),Minneapolis MN,Brewery Tour
691,Twin Cities Walking Tour: Uncover Hidden Minneapolis Bars,June - Aug 2025 (Ongoing),Varies,225 N Washington Ave (Start),Minneapolis MN,Bar Tour/City Tour
692,Minneapolis Skyway Walking Tour with Drinks,Ongoing (Check schedule),Varies,Downtown Minneapolis,Minneapolis MN,City Tour/Architectural Tour
693,Sisters of the System X Vybez Presents... Creepin' Into Summer!,May 31 2025,7:00 PM,943 Payne Ave St. Paul MN,Nightlife/Party,(Potentially Kink/Adult-Themed)
694,Sex Intimacy & the Nervous System Workshop,June 7 2025,9:00 AM - 12:00 PM,Inspire Life Chiropractic Center Mendota Heights MN,Workshop/Wellness (Sex-Positive/Intimacy)
695,Lust X - Military Ball,May 24 2025 (Recurring Saturdays),7:00 PM,Jester's Playhouse Minneapolis MN,Nightlife/Party (Themed/LGBTQ+/Kink-Friendly)
696,BuffBoyzz Gay Friendly Male Strippers Minneapolis,Fridays (Recurring),8:00 PM,BuffBoyzz (Venue Varies/TBD) Minneapolis MN,Adult Entertainment/Nightlife (LGBTQ+ Friendly)
697,TC Cabaret presents: Colors of Pride,June 5 2025,8:00 PM,Gay 90's Minneapolis,Minneapolis MN,Drag Show/Cabaret (LGBTQ+ Pride)
698,North Star Nerdlesque Festival,July 10 2025,7:30 PM,Gay 90's Minneapolis,Minneapolis MN,Burlesque/Performance (Nerd Culture/LGBTQ+)
699,MN Snow Pageantry,Aug 28 2025,7:00 PM,Gay 90's Minneapolis,Minneapolis MN,Pageant/Performance (LGBTQ+)
700,Minneapolis Vintage Market at The Gay 90s,Sep 21 2025,Varies,Gay 90's Minneapolis,Minneapolis MN,Market/Community Event
701,MINNEAPOLIS ROZ HERNANDEZ STANDUP COMEDY SHOW AT LUSH!,July 11 2025,7:30 PM,LUSH Lounge & Theater,Minneapolis MN,Comedy (Stand-Up/LGBTQ+)
702,The Official Pride Bar Crawl - Minneapolis,June 28 2025,4:00 PM,Sneaky Pete's (Start) Minneapolis MN,Bar Crawl (LGBTQ+ Pride)
703,University of MN Gophers - Women's Track & Field NCAA West Regional,May 2025 (Dates TBD),Varies,University of Minnesota,Minneapolis MN,Sports (College Track & Field)
704,University of MN Gophers - Men's Track & Field NCAA West Regional,May 28 - May 31 2025,Varies,University of Minnesota,Minneapolis MN,Sports (College Track & Field)
705,MPRB Adult Sports Leagues (Various Sports),May - Dec 2025,Varies,Various Minneapolis Parks,Minneapolis MN,Sports (Amateur Leagues)
706,Minnesota Roller Derby - Home Bouts (Season 19/20),Nov 2025 - Dec 2025 (Dates TBD),Varies,Quincy Hall Minneapolis MN,Sports (Roller Derby)
707,Hot Wheels Monster Trucks Live Glow N Fire,Nov 22 - Nov 23 2025,Varies,Target Center,Minneapolis MN,Family Entertainment/Monster Trucks
708,Hewing Hotel - High Fika Tea Service,May 24 June 14 2025 (Recurring),11:00 AM - 2:00 PM,Hewing Hotel Minneapolis MN,Culinary/Social Event
709,Hewing Hotel - Faith Boblett – Rooftop Concert Series,May 25 2025,7:00 PM,Hewing Hotel Minneapolis MN,Music (Live Concert - Rooftop)
710,Hewing Hotel - Thermaculture Sundays,May 25 2025 (Recurring),1:00 PM - 2:30 PM,Hewing Hotel Minneapolis MN,Wellness/Social Event
711,Hewing Hotel - Group Sound Healing,June 4 2025,6:00 PM - 7:30 PM,Hewing Hotel Minneapolis MN,Wellness
712,Hewing Hotel - Full Moon Magik,June 11 2025,6:00 PM - 8:30 PM,Hewing Hotel Minneapolis MN,Wellness/Spirituality
713,Hewing Hotel - Cocktails by the Book,June 12 2025,6:00 PM - 8:00 PM,Hewing Hotel Minneapolis MN,Social Event/Literary
714,Hewing Hotel - Tina Schlieske – Rooftop Concert Series,June 22 2025,7:00 PM,Hewing Hotel Minneapolis MN,Music (Live Concert - Rooftop)
715,THE WEEKND PRE PARTY AT UMBRA MINNEAPOLIS,June 14 2025,3:00 PM - 7:00 PM,Umbra Minneapolis (Canopy Hotel),Minneapolis MN,Music/DJ Party (Concert Pre-Party)
